;*НАЗЕЛМШИ БЕЯ  ЮБХЮ  МЕ ЛЕМЕЕ 167 ЙЦ Б ЙСАЕ;;;;;;;;;;;;;;;
;* *ОЕПЕВЕМЭ ДНЙСЛЕМРНБ ДКЪ ЩЙЯОНПРЮ  MSDS  ЯЕПРХТХЙЮР, UAN 38ТНПЛЮ нР ОНЯРЮБЫХЙЮ;;;;;;;;;;;;;;;
;*** ДНЯРЮБЙЮ ДН 1 ЙСАЮ ЙНРХПСЕРЯЪ ЙЮЙ 1 ЙСА;;;;;;;;;;;;;;;
;**** ДНОКЮРЮ ГЮ ЬР\;;;;;;;;;;;;;;;
;;;;;;ДНЯРЮБЙЮ ЮБХЮ;юБХЮ ЩЙЯОПЕЯЯ ТПЮУР;;;ЮБХЮ ЯРЮМДЮПР ТПЮУР;юБХЮ ЯРЮМДЮПР/ЩЙЯОПЕЯЯ рн;;фд/лнпе ТПЮУР;;;фд/лнпе РЮЛНФМЪ
"йНД сйргед

йНД ЙПЮ©МХ ОНУНДФЕММЪ
йПЮ©МЮ ОНУНДФЕММЪ
нДХМХЖЪ БХЛЁПС
йЁКЭЙЁЯРЭ НДХМХЖЭ БХЛЁПС ДКЪ ГЮГМЮВЕМН© ЖЁМХ РНБЮПС
йПХРХВМЮ ЖЁМЮ РНБЮПС, ДНК.яью


ОКЧЯ 15%
ОПЪЛНИ ЙНМРПЮЙР ОКЧЯ 2ЖЕМРЮ
ОКЧЯ 10%

3208209090
опнвхе пюярбнпш йпюянй х кюйнб, хгцнрнбкеммшу мю нямнбе юйпхкнбшу х бхмхкнбшу онкхлепнб


166
1
2.05


2.358
2.070
2.255

3214101090
гюлюгйх ярейнкэмюъ х яюднбюъ, желемрш ялнкъмше, янярюбш дкъ сокнрмемхъ х опнвхе люярхйх


166
1
1.20


1.380
1.220
1.320

3214109090
ьоюркебйх дкъ люкъпмшу пюанр


166
1
1.20


1.380
1.220
1.320

3307490000
опнвхе япедярбю дкъ юпнлюрхгюжхх х дегнднпхпнбюмхъ бнгдсую онлеыемхи, бйкчвюъ акюцнбнмхъ дкъ пекхцхнгмшу напъднб


166
1
1.00


1.150
1.020
1.100

3405400000
вхяръыхе оюярш х онпньйх х опнвхе вхяръыхе япедярбю


166
1
0.75


0.863
0.770
0.825

3506100010
опндсйрш, опхцндмше дкъ хяонкэгнбюмхъ б йювеярбе йкееб хкх юдцегхбнб, пюятюянбюммше дкъ пнгмхвмни опндюфх б йювеярбе йкееб хкх юдцегхбнб, меррн-люяяни ме анкее 1 йц


166
1
1.24


1.426
1.260
1.364

3506100091
опндсйрш, опхцндмше дкъ хяонкэгнбюмхъ б йювеярбе йкееб хкх юдцегхбнб, пюятюянбюммше дкъ пнгмхвмни опндюфх б йювеярбе йкееб хкх юдцегхбнб, меррн-люяяни ме анкее 1 йц


166
1
1.24


1.426
1.260
1.364

3506100098
опндсйрш, опхцндмше дкъ хяонкэгнбюмхъ б йювеярбе йкееб хкх юдцегхбнб, пюятюянбюммше дкъ пнгмхвмни опндюфх б йювеярбе йкееб хкх юдцегхбнб, меррн-люяяни ме анкее 1 йц


166
1
1.24


1.426
1.260
1.364

3506910010
опнвхе юдцегхбш мю нямнбе онкхлепнб рнбюпмшу онгхжхи 3901-3913 хкх йюсвсйю


166
1
1.24


1.426
1.260
1.364

3506910090
опнвхе юдцегхбш мю нямнбе онкхлепнб рнбюпмшу онгхжхи 3901-3913 хкх йюсвсйю


166
1
1.24


1.426
1.260
1.364

3506990010
опнвхе цнрнбше йкех х опнвхе цнрнбше юдцегхбш; опнвхе опндсйрш, опхцндмше дкъ хяонкэгнбюмхъ б йювеярбе йкееб хкх юдцегхбнб, пюят. дкъ пнгм. опндюфх б йюв-бе йкееб... , меррн-люяяни ме анкее 1 йц


166
1
1.24


1.426
1.260
1.364

3506990090
опнвхе цнрнбше йкех х опнвхе цнрнбше юдцегхбш; опнвхе опндсйрш, опхцндмше дкъ хяонкэгнбюмхъ б йювеярбе йкееб хкх юдцегхбнб, пюят. дкъ пнгм. опндюфх б йюв-бе йкееб... , меррн-люяяни ме анкее 1 йц


166
1
1.24


1.426
1.260
1.364

3703200000
опнвхе цнрнбше йкех х опнвхе цнрнбше юдцегхбш; опнвхе опндсйрш, опхцндмше дкъ хяонкэгнбюмхъ б йювеярбе йкееб хкх юдцегхбнб, пюят. дкъ пнгм. опндюфх б йюв-бе йкееб... , меррн-люяяни ме анкее 1 йц


166
1
1.20


1.380
1.220
1.320

3904100000
оюярннапюгсчыюъ онкхбхмхкукнпхдмюъ щлскэяхнммюъ ялнкю (я яндепфюмхел бкюцх - 0,2 люя.%, щлскэцюрнпю (янкх юкхтюрхвеяйху х йюпанмнбшу йхякнр)-0,1 люя.%; ыекнвх -0,1 люя.%; бхмхкукнпхдю-0,6 люя.% .┘


166
1
1.20


1.380
1.220
1.320

3904220000
опнвхи онкхбхмхкукнпхд окюярхтхжхпнбюммши


166
1
1.20


1.380
1.220
1.320

3917101000
нанкнвйх хяйсяярбеммше (дкъ йнкаюямшу хгдекхи) хг нрбепфдеммшу опнрехмнб


166
1
1.92


2.212
1.943
2.115

3917109000
нанкнвйх хяйсяярбеммше (дкъ йнкаюямшу хгдекхи) хг жеккчкнгмшу люрепхюкнб


166
1
1.92


2.212
1.943
2.115

3917290010
оюярннапюгсчыюъ онкхбхмхкукнпхдмюъ щлскэяхнммюъ ялнкю (я яндепфюмхел бкюцх - 0,2 люя.%, щлскэцюрнпю (янкх юкхтюрхвеяйху х йюпанмнбшу йхякнр)-0,1 люя.%; ыекнвх -0,1 люя.%; бхмхкукнпхдю-0,6 люя.% .┘


166
1
1.92


2.212
1.943
2.115

3917290020
оюярннапюгсчыюъ онкхбхмхкукнпхдмюъ щлскэяхнммюъ ялнкю (я яндепфюмхел бкюцх - 0,2 люя.%, щлскэцюрнпю (янкх юкхтюрхвеяйху х йюпанмнбшу йхякнр)-0,1 люя.%; ыекнвх -0,1 люя.%; бхмхкукнпхдю-0,6 люя.% .┘


166
1
1.92


2.212
1.943
2.115

3917290090
оюярннапюгсчыюъ онкхбхмхкукнпхдмюъ щлскэяхнммюъ ялнкю (я яндепфюмхел бкюцх - 0,2 люя.%, щлскэцюрнпю (янкх юкхтюрхвеяйху х йюпанмнбшу йхякнр)-0,1 люя.%; ыекнвх -0,1 люя.%; бхмхкукнпхдю-0,6 люя.% .┘


166
1
1.92


2.212
1.943
2.115

3917310010
рпсаш, рпсайх х ькюмцх цхайхе, бшдепфхбючыхе дюбкемхе дн 27,6 лою я сярюмнбкеммшлх тхрхмцюлх дкъ цпюфдюмяйни юбхюжхх, хг окюярлюяя


166
1
1.92


2.212
1.943
2.115

3917310090
рпсаш, рпсайх х ькюмцх цхайхе, бшдепфхбючыхе дюбкемхе дн 27,6 лою я сярюмнбкеммшлх тхрхмцюлх дкъ цпюфдюмяйни юбхюжхх, хг окюярлюяя


166
1
1.92


2.212
1.943
2.115

3917320010
#м/д


166
1
1.92


2.212
1.943
2.115

3917320020
#м/д


166
1
1.92


2.212
1.943
2.115

3917320090
#м/д


166
1
1.92


2.212
1.943
2.115

3917330090
#м/д


166
1
1.92


2.212
1.943
2.115

3917390030
#м/д


166
1
1.92


2.212
1.943
2.115

3917390090
#м/д


166
1
1.92


2.212
1.943
2.115

3917400090
онйпшрхъ дкъ онкю хг онкхлеп. люр-кнб, яюлнйк, хкх меяюлнйк., б пскнмюу хкх окюярхмюу; онйпшрхъ онкхлеп. дкъ ярем х онрнкйнб, сйюг. б опхл.9 й д.цп.,яняр.хг нямнбш, опно.хкх онйпшрни онкхбхмхкукнпхднл


166
1
1.92


2.212
1.943
2.115

3918101010
онйпшрхъ дкъ онкю хг онкхлеп. люр-кнб, яюлнйк, хкх меяюлнйк., б пскнмюу хкх окюярхмюу; онйпшрхъ онкхлеп. дкъ ярем х онрнкйнб, сйюг. б опхл.9 й д.цп.,яняр.хг нямнбш, опно.хкх онйпшрни онкхбхмхкукнпхднл


166
1
1.92


2.212
1.943
2.115

3918101090
онйпшрхъ дкъ онкю хг онкхлеп. люр-кнб, яюлнйк, хкх меяюлнйк., б пскнмюу хкх окюярхмюу; онйпшрхъ онкхлеп. дкъ ярем х онрнкйнб, сйюг. б опхл.9 й д.цп.,яняр.хг нямнбш, опно.хкх онйпшрни онкхбхмхкукнпхднл


166
1
1.92


2.212
1.943
2.115

3918109000
онйпшрхъ дкъ онкю яюлнйкечыхеяъ хкх меяюлнйкеъыхеяъ, б пскнмюу хкх окюярхмюу; онйпшрхъ онкхлепмше дкъ ярем хкх онрнкйнб, сйюгюммше б опхл.9 й дюммни цпсоое хг опнвху онкхлепнб бхмхкукнпхдю


166
1
1.92


2.212
1.943
2.115

3919101200
#м/д


166
1
1.92


2.212
1.943
2.115

3919101500
онкняш (хкх кемрш) б пскнмюу ьхпхмни ме анкее 20 ял я онйпшрхел хг онкхопнохкемю


166
1
1.50


1.725
1.520
1.650

3920102300
окемйю онкхщрхкемнбюъ рнкыхмни 20 лйл хкх анкее, мн ме анкее 40 лйл, дкъ онксвемхъ окемйх тнрнпегхярю, хяонкэгселни б опнхгбндярбе онксопнбндмхйнбшу хкх оевюрмшу яуел


166
1
1.50


1.725
1.520
1.650

3920102400
опнвхе хг онкхлепнб щрхкемю, рнкыхмни ме анкее 0,125 лл


166
1
1.50


1.725
1.520
1.650

3920102500
#м/д


166
1
1.50


1.725
1.520
1.650

3920102800
окхрш, окемйю, кхярш, тнкэцю х онкняю..., меонпхярше х меюплхп., меякнхярше, аег ондкнфйх х меянедхмеммше юмюкнц. яо-анл я дп.люр-кюлх рнкыхмни анкее 0,125 лл хг онкхщрхкемю я сд.беянл 0,94 хкх анкее


166
1
1.50


1.725
1.520
1.650

3920202100
окхрш, кхярш, окемйю, тнкэцю х онкняю...,меонпхярше х меюплхп., меякнхярше, аег ондкнфйх х ме янедхмеммше юмюк. яо-анл я дп. люр-кюлх хг онкхлепнб опнохкемю рнкы. ме анкее 0,10 лл ахюйяхюкэмн нпхемрхп


166
1
1.50


1.725
1.520
1.650

3920202900
опнвхе окхрш, окемйю, тнкэцю х онкняю, меонпхярше х меюплхпнбюммше, меякнхярше, аег ондкнфйх х ме янедхмеммше юмюк.яо-анл хг онкхлепнб опнохкемю рнкыхмни ме анкее 0,10 лл


166
1
1.50


1.725
1.520
1.650

3920208001
#м/д


166
1
1.50


1.725
1.520
1.650

3920208011
#м/д


166
1
1.50


1.725
1.520
1.650

3920208011
#м/д


166
1
1.50


1.725
1.520
1.650

3920208099
#м/д


166
1
1.50


1.725
1.520
1.650

3920300010
окхрш, кхярш, окемйх, тнкэцю х онкняю опнвхе, меонпхярше х меюплхпнбюммше, меякнхярше, аег ондкнфйх х ме янедхмеммше юмюкнцхвмшл яонянанл я дпсцхлх люрепхюкюлх хг онкхлепнб ярхпнкю


166
1
1.88


2.162
1.900
2.068

3920300090
окхрш, кхярш, окемйх, тнкэцю х онкняю опнвхе, меонпхярше х меюплхпнбюммше, меякнхярше, аег ондкнфйх х ме янедхмеммше юмюкнцхвмшл яонянанл я дпсцхлх люрепхюкюлх хг онкхлепнб ярхпнкю


166
1
1.88


2.162
1.900
2.068

3920431000
окхрш, кхярш, окемйю х онкняш хкх кемрш....., хг онкхлепнб бхмхкукнпхдю яндепфюыхе ме лемее 6 люя.% окюярхтхйюрнпнб рнкыхмни ме анкее 1 лл


166
1
1.50


1.725
1.520
1.650

3920439010
окхрш, кхярш, окемйю х онкняш хкх кемрш..., хг онкхлепнб бхмхкукнпхдю яндепфюыхе ме лемее 6 люя.%, рнкыхмни анкее 1 лл


166
1
1.50


1.725
1.520
1.650

3920439090
окхрш, кхярш, окемйю х онкняш хкх кемрш..., хг онкхлепнб бхмхкукнпхдю яндепфюыхе ме лемее 6 люя.%, рнкыхмни анкее 1 лл


166
1
1.50


1.725
1.520
1.650

3920491000
опнвхе окхрш, кхярш, окемйю х онкняш хкх кемрш.., рнкыхмни ме анкее 1 лл, феярйхе меокюярхтхжхпнбюммше


166
1
1.50


1.725
1.520
1.650

3920499000
опнвхе окхрш, окемйю, кхярш х онкняш хкх кемрш, рнкыхмни анкее 1 лл


166
1
1.60


1.840
1.620
1.760

3920621200
#м/д


166
1
1.60


1.840
1.620
1.760

3920621910
окемйю хг онкхщрхкемрепетрюкюрю рнкыхмни ме анкее 0,35 лл


166
1
1.60


1.840
1.620
1.760

3920621990
опнвхе окхрш, кхярш, онкняш х окемйю хкх кемрш.., хг онкхщрхкемрепетрюкюрю рнкыхмни ме анкее 0,35 лл


166
1
1.60


1.840
1.620
1.760

3920629000
окемйю, окхрш, тнкэцю, кхярш х онкняю опнвхе, меонпхярше, меюплхпнбюммше, меякнхярше, аег ондкнфйх х ме янедхмеммше юмюкнцхвмшл яонянанл я дп. люреп., хг онкхщрхкемрепетрюкюрю рнкыхмни анкее 0,35 лл


166
1
1.60


1.840
1.620
1.760

3921110000
окхрш, кхярш, окемйх, тнкэцю х онкняю, онпхярше хг онкхлепнб ярхпнкю


166
1
1.88


2.162
1.900
2.068

3921120000
окхрш, кхярш, окемйх, тнкэцю х онкняю, онпхярше хг онкхлепнб бхмхкукнпхдю


166
1
1.60


1.840
1.620
1.760

3921906000
опнвхе окхрш, кхярш, окемйю, тнкэцю, х онкняю хкх кемрш хг опндсйрнб онкхопхянедхмемхъ


166
1
1.60


1.840
1.620
1.760

3922100000
бюммш, дсьх х пюйнбхмш дкъ ярнйю бндш х пюйнбхмш дкъ слшбюмхъ хг окюярлюяяш


166
1
2.50


2.875
2.520
2.750

3922200000
яхдемэъ х йпшьйх дкъ смхрюгнб хг окюярлюяя


166
1
2.50


2.875
2.520
2.750

3922900000
опнвхе бюммш, дсьх, пюйнбхмш, ахде, смхрюгш, яхдемэъ х йпшьйх дкъ мху,аювйх якхбмше х юмюкнцхвмше яюмхрюпмн-реумхвеяйхе хгдекхъ, хг окюярлюяя


166
1
2.50


2.875
2.520
2.750

3923100000
йнпнайх, ъыхйх, йнпгхмш х юмюкнцхвмше хгдекхъ хг окюярлюяя


166
1
2.50


2.875
2.520
2.750

3923210000
леьйх х яслйх (бйк.йнмхвеяйхе) хг онкхлепнб щрхкемю


166
1
2.50


2.875
2.520
2.750

3923291000
леьйх х яслйх (бйк.йнмхвеяйхе) хг онкхбхмхкукнпхдю


166
1
2.50


2.875
2.520
2.750

3923299000
опнвхе леьйх х яслйх (бйкчвюъ йнмхвеяйхе) хг опнвху окюярлюяя


166
1
2.16


2.482
2.178
2.374

3923301000
асршкх, асршкйх, ткюйнмш х юмюкнцхвмше хгдекхъ, ейнярэч ме анкее 2 к, опетнплш


166
1
2.16


2.482
2.178
2.374

3923309000
асршкх, асршкйх, ткюйнмш х юмюкнцхвмше хгдекхъ елйнярэч анкее 2 к опетнплш


166
1
2.16


2.482
2.178
2.374

3923401000
йюяяерш дкъ люцмхрмшу кемр ондясаонгхжхи 8523 11 000 1, 8523 11 000 2, 8524 51 000 1 х 8524 51 000 2


166
1
2.16


2.482
2.178
2.374

3923409000
опнвхе йюрсьйх, ьоскэйх, анахмш х юмюкнцхвмше хгдекхъ хг окюярлюяя


166
1
2.16


2.482
2.178
2.374

3923501000
опнайх х йнкоювйх дкъ гюйсонпйх асршкнй хг окюярлюяя


166
1
2.16


2.482
2.178
2.374

3923509000
опнвхе опнайх, йпшьйх, йнкоюйх х дпсцхе хгдекхъ дкъ гюйсонпйх хг окюярлюяяш


166
1
2.16


2.482
2.178
2.374

3923900000
#м/д


166
1
2.16


2.482
2.178
2.374

3924100000
онясдю ярнкнбюъ х йсунммюъ хг окюярлюяя


166
1
1.92


2.212
1.943
2.115

3924900010
#м/д


166
1
1.92


2.212
1.943
2.115

3924900090
#м/д


166
1
1.92


2.212
1.943
2.115

3926100000
опхмюдкефмнярх йюмжекъпяйхе хкх ьйнкэмше хг окюярлюяя х хг опнвху люрепхюкнб рнбюпмшу онгхжхи 3901-3914


166
1
2.31


2.654
2.328
2.538

3926300010
йпеоефмше хгдекхъ х тспмхрспю дкъ леаекх, рпюмяонпрмшу япедярб хкх юмюкнцхвмше хгдекхъ хг окюярлюяя х хг опнвху люрепхюкнб рнбюпмшу онгхжхи 3901-3914


166
1
1.98


2.275
1.998
2.176

3926300090
йпеоефмше хгдекхъ х тспмхрспю дкъ леаекх, рпюмяонпрмшу япедярб хкх юмюкнцхвмше хгдекхъ хг окюярлюяя х хг опнвху люрепхюкнб рнбюпмшу онгхжхи 3901-3914


166
1
2.88


3.309
2.898
3.165

3926400000
ярюрсщрйх х хгдекхъ дейнпюрхбмше опнвхе хг окюярлюяя х хг опнвху люрепхюкнб рнбюпмшу онгхжхи 3901-3914


166
1
2.88


3.312
2.900
3.168

4011100010
ьхмш омеблюрхвеяйхе пегхмнбше мнбше дкъ кецйнбшу юбрнлнахкеи (бйкчвюъ цпсгн-оюяяюфхпяйхе юбрнлнахкх-тспцнмш х яонпрхбмше юбрнлнахкх)


166
1
3.13


3.594
3.145
3.438

4011100090
лшкн рсюкермне (бйкчвюъ лшкн, яндепфюыее кейюпярбеммше япедярбю)


166
1
3.13


3.594
3.145
3.438

4011201000
ьхмш дкъ юбрнасянб хкх лнрнпмшу рпюмяонпрмшу япедярб дкъ оепебнгйх цпсгнб я хмдейянл мюцпсгйх ме анкее 121


166
1
3.13


3.594
3.145
3.438

4011209000
ьхмш дкъ юбрнасянб хкх лнрнпмшу рпюмяонпрмшу япедярб дкъ оепебнгйх цпсгнб я хмдейянл мюцпсгйх анкее 121


166
1
3.13


3.594
3.145
3.438

4011300030
#м/д


166
1
3.13


3.594
3.145
3.438

4011300090
#м/д


166
1
3.13


3.594
3.145
3.438

4011400000
#м/д


166
1
3.13


3.594
3.145
3.438

4011500000
ьхмш х онйпшьйх омеблюрхвеяйхе пегхмнбше мнбше, дкъ бекняхоеднб


166
1
1.25


1.438
1.270
1.375

4011610000
опнвхе, я пхясмйнл опнрейрнпю б ""екнвйс"" хкх юмюкнцхвмшлх пхясмйюлх опнрейрнпю, дкъ рпюмяонпрмшу япедярб, хяонкэгселшу б яекэяйнл х кеямнл унгъиярбе


166
1
3.13


3.594
3.145
3.438

4011620000
ьхмш х онйпшьйх дкъ рпюмяонпрмшу япедярб х люьхм, хяонкэгселшу б ярпнхрекэярбе хкх опнлшькеммнярх х хлечыху оняюднвмши дхюлерп ме анкее 61 ял


166
1
3.13


3.594
3.145
3.438

4011630000
ьхмш х онйпшьйх, дкъ рпюмяонпрмшу япедярб х люьхм, хяонкэгселшу б ярпнхрекэярбе хкх опнлшькеммнярх х хлечыху оняюднвмши дхюлерп анкее 61 ял


166
1
3.13


3.594
3.145
3.438

4011690000
опнвхе ьхмш х онйпшьйх, я пхясмйнл опнрейрнпю б ""екнвйс"" хкх юмюкнцхвмшлх пхясмйюлх опнрейрнпю


166
1
3.13


3.594
3.145
3.438

4011920000
опнвхе ьхмш х онйпшьйх, дкъ рпюмяонпрмшу япедярб, хяонкэгселшу б яекэяйнл х кеямнл унгъиярбе


166
1
3.13


3.594
3.145
3.438

4011930000
ьхмш х онйпшьйх дкъ рпюмяонпрмшу япедярб, хяонкэгселшу б ярпнхрекэярбе хкх опнлшькеммнярх х хлечыхе оняюднвмши дхюлерп ме анкее 61 ял


166
1
3.13


3.594
3.145
3.438

4011940000
ьхмш х онйпшьйх дкъ рпюмяонпрмшу япедярб, хяонкэгселшу б ярпнхрекэярбе хкх опнлшькеммнярх х хлечыху оняюднвмши дхюлерп анкее 61 ял


166
1
3.13


3.594
3.145
3.438

4011990000
опнвхе ьхмш х онйпшьйх омеблюрхвеяйхе пегхмнбше мнбше


166
1
3.13


3.594
3.145
3.438

4012902000
опнвхе ьхмш х онйпшьйх яокньмше хкх онксомеблюрхвеяйхе


166
1
2.63


3.025
2.650
2.893

4012909000
опнвхе кемрш нандмше


166
1
2.04


2.346
2.060
2.244

4013100010
#м/д


166
1
2.04


2.346
2.060
2.244

4013100090
#м/д


166
1
2.04


2.346
2.060
2.244

4013200000
йюлепш пегхмнбше дкъ бекняхоеднб


166
1
2.04


2.346
2.060
2.244

4013900000
#м/д


166
1
2.04


2.346
2.060
2.244

4016910000
опнвхе онйпшрхъ мюонкэмше х йнбпхйх хг бскйюмхгнбюммни пегхмш


166
1
2.55


2.933
2.570
2.805

4016920000
опнвхе пегхмйх йюмжекъпяйхе хг бскйюмхгнбюммни пегхмш


166
1
2.38


2.737
2.400
2.618

4017000010
#м/д


166
1
1.50


1.725
1.520
1.650

4017000090
#м/д


166
1
1.50


1.725
1.520
1.650

4115100000
йнфю йнлонгхжхнммюъ мю нямнбе мюрспюкэмни йнфх хкх йнфебеммшу бнкнйнм б окюярхмюу, кхярюу хкх онкняюу, хкх кемрюу, б пскнмюу хкх ме б пскнмюу


166
1
1.70


1.955
1.720
1.870

4202111000
йеияш дкъ декнбшу аслюц, онпртекх, ьйнкэмше пюмжш х юмюкнцхвмше хгдекхъ я кхжебни онбепумнярэч хг мюрспюкэмни х йнлонгхжхммни йнфх хкх хг кюйнбни йнфх


166
1
3.00


3.450
3.020
3.300

4202119000
опнвхе яюйбнъфх, велндюмш, днпнфмше дюляйхе яслйх-велндюмвхйх, йеияш дкъ декнбшу аслюц, онпртекх, ьйнкэмше пюмжш х юмюкнцхвмше хгдекхъ я кхжебни онбепумнярэч хг мюрспюкэмни х йнлонгхжхнммни йнфх ...


166
1
3.00


3.450
3.020
3.300

4202121100
йеияш дкъ декнбшу аслюц, онпртекх, ьйнкэмше пюмжш х юмюкнцхвмше хгдекхъ я кхжебни онбепумнярэч хг кхярнб онкхлепмшу люрепхюкнб


166
1
3.00


3.450
3.020
3.300

4202121900
опнвхе яюйбнъфх, велндюмш, дюляйхе яслйх-велндюмвхйх, х юмюкнкнцхвмше хгдекхъ хг кхярнб я кхжебни онбепумнярэч хг онкхлепмшу люрепхюкнб


166
1
3.00


3.450
3.020
3.300

4202125000
яюйбнъфх, велндюмш, дюляйхе яслйх-велндюмвхйх йеияш дкъ декнбшу аслюц, онпртекх, ьйнкэмше пюмжш х юмюк.хгдекхъ я кхжебни онбепумнярэч хг тнплхпнбюммшу онкхлепмшу люр-кнб


166
1
3.00


3.450
3.020
3.300

4202129100
йеияш дкъ декнбшу аслюц, онпртекх, ьйнкэмше пюмжш х юмюкнцхвмше хгдекхъ я кхжебни онбепумнярэч хг дпсцху люрепхюкнб, бйкчвюъ бскйюмхгнбюммне бнкнймн


166
1
3.00


3.450
3.020
3.300

4202129900
опнв.яюйбнъфх, дюляйхе яслйх-велндюмвхйх х юмюкнц. хгдекхъ хг дпсц.люр-кнб бйкчв. бскюмхгнбюммне бнкнймн


166
1
3.00


3.450
3.020
3.300

4202191000
опнвхе яюйбнъфх, велндюмш, днпнфмше дюляйхе яслйх-велндюмвхйх йеияш дкъ декнбшу аслюц, онпртекх, ьйнкэмше пюмжш х юмюк. хгдекхъ хг юкчлхмхъ


166
1
3.00


3.450
3.020
3.300

4202199000
опнвхе яюйбнъфх, велндюмш, днпнфмше дюляйхе яслйх-велндюмвхйх йеияш дкъ декнбшу аслюц, онпртекх, ьйнкэмше пюмжш х юмюк. хгдекхъ хг опнвху люрепхюкнб


166
1
3.00


3.450
3.020
3.300

4202210000
яслйх дюляйхе я окевебшл пелмел хкх аег мецн, бйкчвюъ яслйх аег псвей,я кхжебни онбепумнярэч хг мюрспюкэмни х йнлонгхжхнммни йнфх хкх хг кюйнбни йнфх


166
1
3.00


3.450
3.020
3.300

4202221000
яслйх дюляйхе я окевебшл пелмел хкх аег мецн, бйкчвюъ яслйх аег псвей,я кхжебни онбепумнярэч хг кхярнб онкхлепмшу люрепхюкнб


166
1
3.00


3.450
3.020
3.300

4202229000
яслйх дюляйхе я окевебшл пелмел хкх аег мецн, бйкчвюъ яслйх аег псвей,я кхжебни онбепумнярэч хг рейярхкэмшу люрепхюкнб


166
1
3.00


3.450
3.020
3.300

4202290000
опнвхе яслйх дюляйхе я окевебшл пелмел хкх аег окевебнцн пелмъ, бйкчвюъ яслйх аег псвей


166
1
3.00


3.450
3.020
3.300

4202310000
хгдекхъ, нашвмн мняхлше б йюплюме хкх б дюляйни яслйе, я кхжебни онбепумнярэч хг мюрспюкэмни йнфх, йнлонгхжхнммни йнфх хкх хг кюйнбни йнфх


166
1
3.00


3.450
3.020
3.300

4202321000
хгдекхъ, нашвмн мняхлше б йюплюме хкх б дюляйни яслйе, я кхжебни онбепумнярэч хг кхярнб онкхлепмшу люрепхюкнб


166
1
3.00


3.450
3.020
3.300

4202329000
хгдекхъ, нашвмн мняхлше б йюплюме хкх б дюляйни яслйе, я кхжебни онбепумнярэч хг рейярхкэмшу люрепхюкнб


166
1
3.00


3.450
3.020
3.300

4202390000
опнвхе хгдекхъ, мняхлше б йюплюме хкх б дюляйни яслйе


166
1
3.00


3.450
3.020
3.300

4202911000
опнвхе яслйх днпнфмше, яслнвйх йнялерхвеяйхе, пчйгюйх х яонпрхбмше яслйх я кхжебни онбепумнярэч хг мюрспюкэмни, йнлонгхжхнммни йнфх х хг кюйнбни йнфх


166
1
3.00


3.450
3.020
3.300

4202918000
опнвхе тсркъпш дкъ нвйнб, ахмнйкеи, тнрнюооюпюрнб, лсгшйюкэмшу хмярпслемрнб, псфеи, йнаспю х юмюк. хгдекхъ я кхжебни онбепумнярэч хг мюрспюккэмни х йнлонгхжхнммни йнфх хкх хг кюйнбни йнфх


166
1
3.00


3.450
3.020
3.300

4202921100
яслйх днпнфмше, яслнвйх йнялерхвеяйхе, пчйгюйх х яонпрхбмше яслйх я кхжебни онбепумнярэч хг кхярнб онкхлепмшу люрепхюкнб


166
1
3.00


3.450
3.020
3.300

4202921500
тсркъпш дкъ лсгшйюкэмшу хмярпслемрнб я кхжебни онбепумнярэч хг кхярнб онкхлепмшу люрепхюкнб


166
1
3.00


3.450
3.020
3.300

4202921900
опнвхе онпртекх, тсркъпш дкъ нвйнб, ахмнйкеи, тнрнюооюпюрнб, псфеи, йнаспю х юмюкнцхвмше хгдекхъ я кхжебни онбепумнярэч хг кхярнб онкхлепмшу люрепхюкнб


166
1
3.00


3.450
3.020
3.300

4202929100
яслйх днпнфмше, яслнвйх йнялерхвеяйхе, пчйгюйх х яонпрхбмше яслйх я кхжебни онбепумнярэч хг рейярхкэмшу люрепхюкнб


166
1
3.00


3.450
3.020
3.300

4202929800
опнвхе тсркъпш дкъ нвйнб, ахмнйкеи, тнрнюооюпюрнб, псфеи, йнаспю, онпрлнме, йньекэйх... я кхжебни онбепумнярэч хг рейярхкэмшу люрепхюкнб


166
1
3.00


3.450
3.020
3.300

4202990000
опнвхе велндюмш, онпртекх, тсркъпш дкъ нвйнб, ахмнйкеи, тнрнюооюпюрнб,псфеи, йнаспю, яслйх унгъиярбеммше, онпрлнме, йньекэйх..., хгцнр. хг мюрсп. хкх йнлонг. йнфх, хг кхярнб онкхл.л-кнб, йюпрнмю...


166
1
3.00


3.450
3.020
3.300

4203291000
опнвхе оепвюрйх, псйюбхжш, х лхремйх хг мюрспюкэмни х йнлонгхжхнммни йнфх гюыхрмше дкъ бяеу опнтеяяхи


166
1
3.00


3.450
3.020
3.300

4418790000
#м/д


166
1
1.10


1.265
1.120
1.210

4419001000
опхмюдкефмнярх ярнкнбше х йсунммше хг дпебеяхмш рпнохвеяйху онпнд, сйюгюммшу б днонкмхрекэмнл опхлевюмхх 2 й дюммни цпсоое


166
1
8.00


9.200
8.020
8.800

4419009000
опхмюдкефмнярх ярнкнбше х йсунммше хг дпебеяхмш опнвху онпнд


166
1
5.00


5.750
5.020
5.500

4420101100
ярюрсщрйх х опнвхе дейнпюрхбмше хгдекхъ хг дпебеяхмш рпнохвеяйху онпнд, сйюгюммшу б днонкмхрекэмнл опхлевюмхх 2 й дюммни цпсоое


166
1
5.00


5.750
5.020
5.500

4420101900
ярюрсщрйх х опнвхе дейнпюрхбмше хгдекхъ хг дпебеяхмш опнвху онпнд


166
1
5.00


5.750
5.020
5.500

4420901000
опнвхе хгдекхъ депебъммше лнгюхвмше х хмйпсярхпнбюммше


166
1
5.00


5.750
5.020
5.500

4420909100
опнвхе хгдекхъ депебъммше; ьйюрскйх х йнпнайх дкъ чбекхпмшу хкх мнфебшу х юмюкнцхвмшу хгдекхи, депебъммше; депебъммше опедлерш леаекх, ме сйюгюммше б цпсоое 94, хг дпебеяхмш рпнохвеяйху онпнд


166
1
5.00


5.750
5.020
5.500

4420909900
опнвхе хгдекхъ депебъммше, ьйюрскйх х йнпнайх дкъ чбекхпмшу хкх мнфебшу х юмюкнцхвмшу хгдекхи, депебъммше; депебъммше опедлерш леаекх, ме сйюг. б цпсоое 94, хг дпебеяхмш опнвху онпнд


166
1
5.00


5.750
5.020
5.500

4421100000
беьюкйх дкъ ндефдш депебъммше


166
1
2.16


2.484
2.180
2.376

4421909100
опнвхе депебъммше хгдекхъ хг бнкнймхяршу окхр


166
1
2.16


2.484
2.180
2.376

4421909800
опнвхе депебъммше хгдекхъ


166
1
2.16


2.484
2.180
2.376

4801000000
аслюцю цюгермюъ б пскнмюу хкх кхярюу


166
1
0.55


0.633
0.570
0.605

4810923000
опнвхе аслюцю х йюпрнм лмнцнякнимше я ндмхл аекемшл мюпсфмшл якнел...


166
1
1.01


1.162
1.030
1.111

4816200000
аслюцю яюлнйнохпнбюкэмюъ, йпнле аслюцх сйюгюммни б рнб. онг. 4809, союйнбюммюъ хкх ме союйнбюммюъ б йнпнайх


166
1
3.00


3.450
3.020
3.300

4816900000
опнвхе нтяермше окюярхмш хг аслюцх, союйнбюммше хкх ме союйнбюммше б йнпнайх


166
1
3.00


3.450
3.020
3.300

4818300000
яйюрепрх х яюктерйх


166
1
1.40


1.610
1.420
1.540

4819400000
леьйх х оюйерш опнвхе, бйкчвюъ йскх


166
1
1.40


1.610
1.420
1.540

4820101000
фспмюкш пецхярпюжхнммше, асуцюкрепяйхе ймхцх х ймхцх гюйюгнб, х йбхрюмжхнммше ймхфйх


166
1
3.00


3.450
3.020
3.300

4820103000
гюохямше ймхфйх, акнймнрш дкъ охяел х оюлърмшу гюохянй


166
1
3.00


3.450
3.020
3.300

4820105000
дмебмхйх


166
1
3.00


3.450
3.020
3.300

4820109000
опнвхе асуцюкрепяйхе ймхцх х ймхцх акюмйнб, нпдепнб х йбхрюмжхи, йпнле фспмюкнб пецхярпюжхнммшу, гюохямшу ймхфей, акнймнрнб х дмебмхйнб


166
1
3.00


3.450
3.020
3.300

4820200000
рерпюдх


166
1
3.00


3.450
3.020
3.300

4820300000
оепеокерш язелмше, оюойх х яйнпняьхбюрекх хг аслюцх х йюпрнмю, йпнле накнфей дкъ ймхц


166
1
3.00


3.450
3.020
3.300

4820400000
#м/д


166
1
3.00


3.450
3.020
3.300

4820500000
юкэанлш дкъ напюгжнб хкх йнккейжхи хг аслюцх х йюпрнмю


166
1
3.00


3.450
3.020
3.300

4820900000
опнвхе йюмжекъпяйхе рнбюпш хг аслюцх хкх йюпрнмю; акнфйх дкъ ймхц, йпнле юкэанлнб дкъ напюгжнб хкх йнккейжхи


166
1
3.00


3.450
3.020
3.300

4821101000
ъпкшйх х щрхйерйх хг аслюцх хкх йюпрнмю, яюлнйкеъыхеяъ я оевюрмшл рейярнл хкх хгнапюфемхел


166
1
3.00


3.450
3.020
3.300

5007100000
рйюмх хг ьекйнбнцн цпеаеммнцн нвеяю


166
1
5.00


5.750
5.020
5.500

5007201100
йпеонбше рйюмх, менраекеммше, опнлшрше хкх наекеммше, яндепфюыхе 85 люя.% хкх анкее ьекйнбшу мхреи хкх ьекйнбшу нрунднб, йпнле ьекйнбнцн цпеаеммнцн нвеяю


166
1
5.00


5.750
5.020
5.500

5007201900
опнвхе йпеонбше рйюмх, гю хяйкчвемхел менраекеммшу, опнлшршу хкх нраекеммшу, яндепфюыхе 85 люя.% хкх анкее ьекйнбшу мхреи хкх ьекйнбжшу нрунднб, йпнле ьекйнбнцн цпеаеммнцн нвеяю


166
1
5.00


5.750
5.020
5.500

5007202100
дюкэмебнярнвмше рйюмх (унмюм, веясвю) хг мюрспюкэмнцн ьекйю онкнрмъмнцн оепеокеремхъ, яспнбше, ме ондбепцмсрше дюкэмеиьеи напюанрйе, йпнле опнлшбюмхъ, яндепфюыхе 85 люя.% хкх анкее ьекйнбшу мхреи


166
1
5.00


5.750
5.020
5.500

5007203100
опнв. онднамше дюкэмебняр.рйюмх хг ьекй. мхреи (ме ялеьюммшу я ьекй. цпеаемшлх нвеяюлх хкх дп. ьекй. нрундюлх хкх дп. рейярхк. люрепхюкюлх),йпнле щонмфю,уюасрюъ,унуюмю х йнпш, онкнрмъмнцн оепеокеремхъ


166
1
5.00


5.750
5.020
5.500

5007203900
опнв. дюкэмебняр.рйюмх хг мюрспюкэмнцн ьекй.мхреи ме ялеьюм.я ьекй.цпеаем.нвеяюлх хкх дп.ьекй.нрундюлх хкх дп.рейярхк.люрепхюкюлх,яндепф. 85люя.% хкх анкее ьекй.мхреи,йпнле щонрюмфю, унасрюъ, унуюмю..


166
1
5.00


5.750
5.020
5.500

5007204100
опнвхе ьекйнбше юфспмше рйюмх (юфспмнцн оепеокеремхъ), яндепфюыхе 85 люя.% хкх анкее ьекйнбшу мхреи хкх ьекйнбшу нрунднб, йпнле ьекйнбнцн нвеяю


166
1
5.00


5.750
5.020
5.500

5007205100
опнвхе рйюмх, яндепфюыхе 85 люя.% хкх анкее ьекйнбшу мхреи хкх ьекйнбшу нрунднб, йпнле ьекйнбнцн цпеаеммнцн нвеяю, менраекеммше (яспнбше), опнлшрше хкх нраекеммше


166
1
5.00


5.750
5.020
5.500

5007205900
опнвхе рйюмх, яндепфюыхе 85 люя.% хкх анкее ьекйнбшу мхреи хкх ьекйнбшу нрунднб, йпнле ьекйнбнцн цпеаеммнцн нвеяю, нйпюьеммше


166
1
5.00


5.750
5.020
5.500

5007206100
опнвхе рйюмх, яндепфюыхе 85 люя.% хкх анкее ьекйнбшу мхреи хкх ьекйнбшу нрунднб, йпнле ьекйнбнцн цпеаеммнцн нвеяю, хг опъфх пюгкхвмшу жбернб ьхпхмни анкее 57, мн ме анкее 75 ял


166
1
5.00


5.750
5.020
5.500

5007206900
опнвхе рйюмх, яндепфюыхе 85 люя.% хкх анкее ьекйнбшу мхреи хкх ьекйнбшу нрунднб, йпнле ьекйнбнцн цпеаеммнцн нвеяю, хг опъфх пюгкхвмшу жбернб


166
1
5.00


5.750
5.020
5.500

5007207100
опнвхе мюоевюрюммше ьекйнбше рйюмх, яндепфюыхе 85 люя.% хкх анкее ьекйнбшу мхреи хкх ьекйнбшу нрунднб, йпнле ьекйнбнцн цпеаеммнцн нвеяю


166
1
5.00


5.750
5.020
5.500

5007901000
опнвхе ьекйнбше рйюмх хкх хг ьекйнбшу нрунднб, опнлшрше хкх нраекеммше


166
1
5.00


5.750
5.020
5.500

5007905000
опнвхе ьекйнбше рйюмх хг опъфх пюгкхвмшу жбернб


166
1
5.00


5.750
5.020
5.500

5007909000
опнвхе ьекйнбше рйюмх мюоевюрюммше


166
1
5.00


5.750
5.020
5.500

5101110000
опнвюъ ьепярэ ме ондбепцмсрюъ йюпдн- хкх цпеамевеяюмхч, ярпхфемюъ, мелшрюъ, бйкчвюъ ьепярэ, лшрсч б псме


166
1
1.10


1.265
1.120
1.210

5101190000
опнвюъ ьепярэ мелшрюъ, бйкчвюъ лшрсч дн ярпхфйх хкх ямърхъ ян ьйспш, ме ондбепцмсрюъ йюпдн- х цпеамевеяюмхч, йпнле ярпхфемни


166
1
1.10


1.265
1.120
1.210

5101210000
опнвюъ ьепярэ ярпхфемюъ, ме ондбепцмсрюъ йюпдн- хкх цпеамевеяюмхч, лшрюъ, мейюпанмхгнбюммюъ


166
1
2.50


2.875
2.520
2.750

5101290000
опнвюъ ьепярэ лшрюъ, мейюпанмхгхпнбюммюъ, ме ондбепцмсрюъ йюпдн- х цпеамевеяюмхч, йпнле ярпхфемни


166
1
2.50


2.875
2.520
2.750

5101300000
ьепярэ, ме ондбепцмсрюъ йюпдн- х цпеамевеяюмхч, йюпанмхгнбюммюъ


166
1
2.50


2.875
2.520
2.750

5102110000
рнмйхи бнкня йюьлхпяйху йнг, ме ондбепцмсршу йюпдн- х цпеамевеяюмхч


166
1
2.50


2.875
2.520
2.750

5102191000
рнмйхи бнкня юмцнпяйнцн йпнкхйю, ме ондбепцмсршу йюпдн- х цпеамевеяюмхч


166
1
2.50


2.875
2.520
2.750

5102193000
рнмйхи бнкня юкэоюйх, кюлш хкх бхйсмэх, ме ондбепцмсршу йюпдн- х цпеамевеяюмхч


166
1
2.50


2.875
2.520
2.750

5102194000
рнмйхи бнкня бепакчдю, ъйю хкх йнг юмцнпяйни, рхаеряйни хкх онднамшу онпнд, ме ондбепцмсршу йюпдн- х цпеамевяюмхч


166
1
2.50


2.875
2.520
2.750

5102199000
рнмйхи бнкня йпнкхйю (йпнле юмцнпяйнцн), гюижю, анапю, мсрпхх хкх нмдюрпш, ме ондбепцмсршу йюпдн- х цпеамевяюмхч


166
1
2.50


2.875
2.520
2.750

5102200000
цпсаши бнкня фхбнрмшу, ме ондбепцмсршу йюпдн- х цпеамевяюмхч


166
1
2.50


2.875
2.520
2.750

5103109000
нвеяш ьепярх хкх рнмйнцн бнкняю фхбнрмшу, йюпанмхгнбюммше


166
1
2.50


2.875
2.520
2.750

5103300000
нрундш цпсанцн бнкняю фхбнрмшу


166
1
2.50


2.875
2.520
2.750

5104000000
пюяыхоюммне яшпэе хг ьепярх хкх рнмйнцн хкх цпсанцн бнкняю фхбнрмшу


166
1
2.50


2.875
2.520
2.750

5105100000
ьепярэ фхбнрмшу, ондбепцмсрюъ йюпднвеяюмхч


166
1
2.50


2.875
2.520
2.750

5105210000
ьепярэ фхбнрмшу, ондбепцмсрюъ цпеамевеяюмхч, б нрпегйюу


166
1
2.50


2.875
2.520
2.750

5105290000
опнвюъ цпеаеммюъ кемрю ьепяръмюъ х опнвюъ ьепярэ фхбнрмшу, ондбепцмсрюъ цпеаемнвеяюмхч


166
1
2.50


2.875
2.520
2.750

5105310000
рнмйхи бнкня фхбнрмшу, ондбепцмсрши йюпдн- хкх цпеамевеяюмхч йюьлхпяйху йнг


166
1
2.50


2.875
2.520
2.750

5105390000
#м/д


166
1
2.50


2.875
2.520
2.750

5105400000
цпсаши бнкня фхбнрмшу, ондбепцмсрши йюпдн- х цпеамевеяюмхч


166
1
2.50


2.875
2.520
2.750

5106101000
опъфю ьепяръмюъ юооюпюрмнцн опъдемхъ, ме пюятюянбюммюъ дкъ пнгмхвмни опндюфх, я яндепфюмхел ьепярх он люяяе 85% хкх анкее, менраекеммюъ


166
1
4.50


5.175
4.520
4.950

5106109000
опнвюъ опъфю юооюпюрмнцн опъдемхъ, ме пюятюянбюммюъ дкъ пнгмхвмни опндюфх, я яндепфюмхел ьепярх он люяяе 85% х анкее, йпнле менраекеммни


166
1
4.50


5.175
4.520
4.950

5106201000
опъфю ьепяръмюъ юооюпюрмнцн опъдемхъ, ме пюятюянбюммюъ дкъ пнгмхвмни опндюфх, я яндепфюмхел ьепярх х рнмйнцн бнкняю он люяяе 85% хкх анкее


166
1
4.50


5.175
4.520
4.950

5106209100
опнвюъ опъфю ьепяръмюъ юооюпюрмнцн опъдемхъ, ме пюятюянбюммюъ дкъ пнгмхвмни опндюфх, я яндепфюмхел ьепярх лемее 85 люя.%


166
1
4.50


5.175
4.520
4.950

5106209900
опнвюъ опъфю ьепяръмюъ юооюпюрмнцн опъдемхъ, ме пюятюянбюммюъ дкъ пнгмхвмни опндюфх, я яндепфюмхел ьепярх лемее 85 люя.%, менраекеммюъ


166
1
4.50


5.175
4.520
4.950

5107101000
опъфю ьепяръмюъ менраекеммюъ цпеаеммюъ, ме пюятюянбюммюъ дкъ пнгмхвмни опндюфх, я яндепфюмхел ьепярх он люяяе 85% х анкее


166
1
4.50


5.175
4.520
4.950

5107109000
опнвюъ опъфю ьепяръмюъ цпеаеммюъ, ме пюятюянбюммюъ дкъ пнгмхвмни опндюфх, я яндепфюмхел ьепярх он люяяе 85% х анкее, йпнле менраекеммни


166
1
4.50


5.175
4.520
4.950

5107201000
опъфю ьепяръмюъ менраекеммюъ цпеаеммюъ, ме пюятюянбюммюъ дкъ пнгмхвмни опндюфх, я яндепфюмхел ьепярх х рнмйнцн бнкняю фхбнрмшу анкее 85 люя.%


166
1
4.50


5.175
4.520
4.950

5107203000
опнвюъ опъфю ьепяръмюъ цпеаеммюъ, ме пюятюянбюммюъ дкъ пнгмхвмни опндюфх, я яндепфюмхел ьепярх х рнмйнцн бнкняю фхбнрмшу 85 люя.% х анкее, гю хяйкчвемхел менраекеммни


166
1
4.50


5.175
4.520
4.950

5107205100
опнвюъ опъфю ьепяръмюъ ялеьюммюъ б нямнбмнл хяйкчвхрекэмн я яхмрерхвеяйхлх бнкнймюлх, ме пюятюянбюммюъ дкъ пнгмхвмни опндюфх я яндепфюмхел ьепярх он люяяе лемее 85%, менраекеммюъ


166
1
4.50


5.175
4.520
4.950

5107205900
опнвюъ опъфю б ялеях хяйкчвхрекэмн хкх б нямнбмнл я яхмрерхвеяйхлх бнкнймюлх, ме пюятюянбюммюъ дкъ пнгмхвмни опндюфх, я яндепфюмхел ьепярх он люяяе лемее 85%, гю хяйкчвемхел менраекеммни


166
1
4.50


5.175
4.520
4.950

5107209100
опнвюъ опъфю ьепяръмюъ цпеаеммюъ б ялеях я дпсцхлх бнкнймюлх, ме пюятюянбюммюъ дкъ пнгмхвмни опндюфх, я яндепфюмхел ьепярхх фхбнрмшу он люяяе лемее 85%, менраекеммюъ


166
1
4.50


5.175
4.520
4.950

5107209900
опнвюъ опъфю ьепяръмюъ цпеаеммюъ б ялеях я дпсцхлх бнкнймюлх, ме пюятюянбюммюъ дкъ пнгмхвмни опндюфх, я яндепфюмхел ьепярх он люяяе лемее 85%, гю хяйкчвемхел менраекеммни


166
1
4.50


5.175
4.520
4.950

5108101000
опъфю хг рнмйнцн бнкняю фхбнрмшу, юооюпюрмнцн опъдемхъ, ме пюятюянбюммюъ дкъ пнгмхвмни опндюфх, менраекеммюъ


166
1
4.50


5.175
4.520
4.950

5108109000
опнвюъ опъфю хг рнмйнцн бнкняю фхбнрмшу, юооюпюрмнцн опъдемхъ, ме пюятюянбюммюъ дкъ пнгмхвмни опндюфх, гю хяйкчвемхел менраекеммни


166
1
4.50


5.175
4.520
4.950

5108201000
опъфю цпеаеммюъ менраекеммюъ, ме пюятюянбюммюъ дкъ пнгмхвмни опндюфх, хг рнмйнцн бнкняю фхбнрмшу


166
1
4.50


5.175
4.520
4.950

5108209000
опнвюъ опъфю цпеаеммюъ, ме пюятюянбюммюъ дкъ пнгмхвмни опндюфх, хг рнмйнцн бнкняю фхбнрмшу, гю хяйкчвемхел менраекеммни


166
1
4.50


5.175
4.520
4.950

5109101000
опъфю хг ьепярх хкх рнмйнцн бнкняю б йксайюу, лнрйюу хкх оюялюу, люяяни анкее 125 ц, мн ме анкее 500 ц я яндепфюмхел ьепярх он люяяе 85% х анкее, пюятюянбюммюъ дкъ пнгмхвмни опндюфх


166
1
4.50


5.175
4.520
4.950

5109109000
опнвюъ опъфю... я яндепфюмхел ьепярх хкх рнмйнцн бнкняю фхбнрмшу он люяяе 85% х анкее, пюятюянбюммюъ дкъ пнгмхвмни опндюфх, гю хяйкчвемхел опъфх б йксайюу, лнрйюу х оюялюу


166
1
4.50


5.175
4.520
4.950

5109900000
#м/д


166
1
4.50


5.175
4.520
4.950

5110000000
опъфю хг цпсанцн бнкняю фхбнрмшу хкх йнмяйнцн бнкняю (бйкчвюъ онгслемрмсч мхрэ хг йнмяйнцн бнкняю), пюятюянбюммюъ хкх ме пюятюянбюммюъ дкъ пнгмхвмни опндюфх


166
1
4.50


5.175
4.520
4.950

5111110000
#м/д


166
1
5.00


5.750
5.020
5.500

5111191000
#м/д


166
1
5.00


5.750
5.020
5.500

5111200000
опнвхе, ялеьюммше рйюмх б нямнбмнл хкх хяйкчвхрекэмн я ухлхвеяйхлх мхрълх


166
1
5.00


5.750
5.020
5.500

5111301000
опнвхе ялеьюммше рйюмх б нямнбмнл хкх хяйкчвхрекэмн я ухлхвеяйхлх мхръл яонбепумнярмни окнрмнярэч ме анкее 300 ц/йб.л


166
1
5.00


5.750
5.020
5.500

5111303000
опнвхе ялеьюммше рйюмх рйюмх б нямнбмнл хкх хяйкчвхрекэмн я ухлхвеяйхлх мхрълх я окнрмнярэч анкее 300 ц/йб.л, мн ме анкее 450 ц/йб.л


166
1
5.00


5.750
5.020
5.500

5111309000
опнвхе ялеьюммше рйюмх рйюмх б нямнбмнл хкх хяйкчвхрекэмн я ухлхвеяйхлх мхрълх я окнрмнярэч анкее 450 ц/йб.л


166
1
5.00


5.750
5.020
5.500

5111901000
опнвхе рйюмх хг ьепяръмни опъфх юооюпюрмнцн бъгюмхъ хкх юооюпюрмни опъфх хг рнмйни ьепярх фхбнрмшу я наыхл яндепфюмхел рейярхкэмшу люрепхюкнб цпсоош 50 анкее 10 люя.%


166
1
5.00


5.750
5.020
5.500

5111909100
опнвхе рйюмх хг ьепяръмни опъфх юооюпюрмнцн опъдемхъ хкх юооюпюрмни опъфх хг рнмйни ьепярх фхбнрмшу, я онбепумнярмни окнрмнярэч ме анкее 300ц/л2


166
1
5.00


5.750
5.020
5.500

5111909300
опнвхе рйюмх хг ьепяръмни опъфх юооюпюрмнцн опъдемхъ хкх юооюпюрмни опъфх хг рнмйни ьепярх фхбнрмшу, я онбепумнярмни окнрмнярэч анкее 300 ц/л2, мн ме анкее 450 ц/л2


166
1
5.00


5.750
5.020
5.500

5111909900
опнвхе рйюмх хг ьепяръмни опъфх юооюпюрмнцн опъдемхъ хкх юооюпюрмни опъфх хг рнмйни ьепярх фхбнрмшу, я онбепумнярмни окнрмнярэч анкее 450 ц/л2


166
1
5.00


5.750
5.020
5.500

5112110000
#м/д


166
1
5.00


5.750
5.020
5.500

5112191000
#м/д


166
1
5.00


5.750
5.020
5.500

5112199000
#м/д


166
1
5.00


5.750
5.020
5.500

5112200000
опнвхе рйюмх, ялеьюммше б нямнбмнл хкх хяйкчвхрекэмн я ухлхвеяй";НОХЯЮМЕМХ;оНЪМЕМХЕ Й НОХЯЮМХЧ;;ПХЯЙ ГЮ 1 ЙЦ;ОКЮРЕФХ ОН црд ;ЛХМХЛЮКЭМШИ БЕЯ,ЙЦ;ЩЙЯОПЕЯЯ 3- 4 ДМЪ, $ ЙЦ *;ЛХМХЛЮКЭМШИ БЕЯ,ЙЦ МЮ МЮЬ ЙНМРПЮЙР;оПНБЕПЙЮ ЩЙЯОЕПЕЯЯ ЮБХЮ;ЮБХЮ ЯРЮМДЮПР 8 -9 ДМЕИ , $ ЙЦ*;;оПНБЕПЙЮ ЮБХЮ ЯРЮМДЮПР;фд 18-20 ДМЕИ;ЛНПЕ 35-40 ДМЕИ;;
3304;" йНЯЛЕРХВЕЯЙХЕ ЯПЕДЯРБЮ ХКХ ЯПЕДЯРБЮ ДКЪ ЛЮЙХЪФЮ Х ЯПЕДЯРБЮ ДКЪ СУНДЮ ГЮ ЙНФЕИ (ЙПНЛЕ КЕЙЮПЯРБЕММШУ), БЙКЧВЮЪ ЯПЕДЯРБЮ ОПНРХБ ГЮЦЮПЮ ХКХ ДКЪ ГЮЦЮПЮ; ЯПЕДЯРБЮ ДКЪ ЛЮМХЙЧПЮ ХКХ ОЕДХЙЧПЮ:";ДЕЙНПЮРХБМЮЪ ЙНЯЛЕРХЙЮ, ЦЕКЭ КЮЙХ ;нл;2,05;0,5;300,0;8,5;200;11,0;7,5;2,5;10,0;500**;350;;1,6
3305_3306_3307;"щТХПМШЕ ЛЮЯКЮ Х ПЕГХМНХДШ; ОЮПТЧЛЕПМШЕ, ЙНЯЛЕРХВЕЯЙХЕ ХКХ РСЮКЕРМШЕ ЯПЕДЯРБЮ";ЬЮЛОСМХ, ГСАМШЕ ОЮЯРШ , ЯПЕДЯРЮБЮ ДКЪ ЦХЦХЕММШ;;2,30;0,6;300,0;6;100,0;8,5;5;2,5;7,5;;;;2,0
330749;опнвхе япедярбю дкъ юпнлюрхгюжхх х дегнднпхпнбюмхъ бнгдсую онлеыемхи, бйкчвюъ акюцнбнмхъ дкъ пекхцхнгмшу напъднб;ДЕГНДНПНМРШ ОНД ДЮБКЕМХЕЛ Х ТКЮЙНМШ АЕГ ДЮБКЕМХЪ, ОЮКНВЙХ АКЮЦНБНМХЪ;;1,00;0,3;2,0;;;;;;;;;;2,0
3917;" оКЮЯРЛЮЯЯШ Х ХГДЕКХЪ ХГ МХУ
рПСАШ, РПСАЙХ, ЬКЮМЦХ Х ХУ ТХРХМЦХ (МЮОПХЛЕП, ЯНЕДХМЕМХЪ, ЙНКЕМЮ, ТКЮМЖШ), ХГ ОКЮЯРЛЮЯЯ:";ьКЮМЦХ, ОНКХБНВМЮЪ КЕМРЮ ЙЮОЕКЪПМЮЪ,йпнле ЮПЛХПБНЮММШУ. тКЮМЖШ, ЙНКЕМЮ Х ДПСЦХЕ ЯНЕДХМЕМХЪ ХГ ОКЮЯРХЙЮ ;;1,92;0,5;100,0;6;75;8,0;4,5;2,0;6,5;400;200***;;1,0
392010_3921; оКХРШ, КХЯРШ, ОКЕМЙЮ Х ОНКНЯШ ХКХ КЕМРШ, ОПНВХЕ, ХГ ОКЮЯРЛЮЯЯ, МЕОНПХЯРШЕ Х МЕЮПЛХПНБЮММШЕ, МЕЯКНХЯРШЕ, АЕГ ОНДКНФЙХ Х МЕ ЯНЕДХМЕММШЕ ЮМЮКНЦХВМШЛ ЯОНЯНАНЛ Я ДПСЦХЛХ ЛЮРЕПХЮКЮЛХ:;кЧАШЕ РХОШ  ОКЕМЙХ НР РЕОКХВМНИ ДН МЮРЪФМШУ ОНРНКЙНБ аег рйюммни нямнбш, АЕГ ОНДКНФЙХ;;1,50;0,4;100,0;5,5;75;7,5;4,5;2,0;6,5;400;200***;;1,0
3922100000;бЮММШ, ДСЬХ, ПЮЙНБХМШ ДКЪ ЯРНЙЮ БНДШ, ПЮЙНБХМШ ДКЪ СЛШБЮМХЪ, АХДЕ, СМХРЮГШ, ЯХДЕМЭЪ Х ЙПШЬЙХ ДКЪ МХУ, АЮВЙХ ЯКХБМШЕ Х ЮМЮКНЦХВМШЕ ЯЮМХРЮПМН-РЕУМХВЕЯЙХЕ ХГДЕКХЪ, ХГ ОКЮЯРЛЮЯЯ:;ЙЮАХМЙХ,БЮММШ, СМХЮРЮГШ, ЙПШЬЙХ окюярхй;;2,50;0,7;100,0;5,5;75;7,5;4,5;2,0;6,5;350;200;;1,4
3923100000;" хГДЕКХЪ ДКЪ РПЮМЯОНПРХПНБЙХ ХКХ СОЮЙНБЙХ РНБЮПНБ, ХГ ОКЮЯРЛЮЯЯ; ОПНАЙХ, ЙПШЬЙХ, ЙНКОЮЙХ Х ДПСЦХЕ СЙСОНПНВМШЕ ЯПЕДЯРБЮ, ХГ ОКЮЯРЛЮЯЯ:";ЙНПНАЙХ, ЪЫХЙХ, ЙНПГХМШ, ЛЕЬЙХ Х ЯСЛЙХ , ОПНАЙХ , ЙПШЬЙХ ДКЪ ГЮЙСОНПЙХ АСРШКНЙ;;2,50;0,7;100,0;5,5;75;7,5;4,5;2,0;6,5;350;200;;1,2
392330;асршкх, асршкйх, ткюйнмш х юмюкнцхвмше хгдекхъ, елйнярэч ме анкее 2 к, окюярхй;ЯОНПР АСРШКЙХ, ОКЮЯРХБЙНБШЕ АСРШКЙХ ме реплн;;2,16;0,6;100,0;5,5;75;7,5;4,5;2,0;6,5;400;200;;1,2
392410_392410;онясдю ярнкнбюъ х йсунммюъ хг окюярлюяя;ОНЯСДЮ ОКЮЯРХЙНБЮЪ;;1,92;0,5;100,0;5,5;75;7,5;4,5;2,0;6,5;400;200***;;1,2
392630;ЛЕАЕКЭМЮЪ тспхмхрспю х йпеоефх хг окюярхйю;МЕЛЕРЮККХВЕЯЙЮЪ леаекэмюъ  тспмхрспю: ГЮЦКСЬЙХ ;;1,98;0,5;100,0;5,5;75;7,5;4,5;2,0;6,5;400;200***;;1,2
3926400000;ярюрсщрйх х хгдекхъ дейнпюрхбмше опнвхе хг окюярлюяя х хг опнвху люрепхюкнб рнбюпмшу онгхжхи 3901-3914;окюрялюяянши дейнп;;2,88;0,8;100,0;5,5;75;7,5;4,5;2,0;6,5;400;200***;;1,2
"
392690";хГДЕКХЪ ОПНВХЕ ХГ ОКЮЯРЛЮЯЯ Х ХГДЕКХЪ ХГ ОПНВХУ ЛЮРЕПХЮКНБ РНБЮПМШУ ОНГХЖХИ ; ОКЕМЙЮ ДКЪ РЕКЕТНМНБ, ВЕУНК ДКЪ РЕКЕТНМНБ ОКЮЯРХЙ, ОКЕМЙЮ ДКЪ КЮЛХМХПНБЮМХЪ, ;нл;1;0,3;100,0;5,5;75;7,5;4,5;2,0;6,5;400;200;;1,2
420211_420239_40292;йеияш дкъ декнбшу аслюц, онпртекх, ьйнкэмше пюмжш,яслйх ,яюйбнъфх,велндюмш,онпрлпнме,йнфюммше оюойх, аюпяерйх,дюляйхе яслйх, онпртекх, пчйгюйх,тсркъпш дкъ нвйнб,ахмнйкеи,тнрнююоюпрюнб х р.д;хг йнфх Х йНФГЮЛ;;3,00;0,8;100,0;5,5;75;7,5;4,5;2,0;6,5;400;200***;;1,7
420329;опнвхе оепвюрйх, псйюбхжш, х лхремйх хг мюрспюкэмни х йнлонгхжхнммни йнфх гюыхрмше дкъ бяеу опнтеяяхи;йнфю,йнфгюл;;3,00;0,8;100,0;5;75;7,5;4;2,5;6,5;400;200***;;1,6
441900;опхмюдкефмнярх ярнкнбше х йсунммше хг дпебеяхмш ;депебъмше ондярюбйх,мнфхй,рюпекйх,леьюкйх,дныевйх х р.д МЕ ЯСБЕМХПЙЮ;;5,00;1,3;100,0;5;75;8,5;3;3,5;6,5;400;200***;;1,6
4420;ярюрсщрйх ,ьйюрскйхх опнвхе дейнпюрхбмше хгдекхъ хг дпебеяхмш;ясбемхпйю;;5,00;1,3;100,0;5;75;8,5;3;3,5;6,5;400;200***;;1,6
4421;опнвхе депебъммше хгдекхъ;;;2,16;0,6;100,0;6,3;75;8,5;4,3;2,2;6,5;400;200***;;1,2
5101_5111_5112;" ьЕПЯРЭ, РНМЙХИ ХКХ ЦПСАШИ БНКНЯ ФХБНРМШУ; ОПЪФЮ Х РЙЮМЭ, рЙЮМХ ХГ ЬЕПЯРЪМНИ ОПЪФХ ЮООЮПЮРМНЦН ОПЪДЕМХЪ ХКХ ОПЪФХ ЮООЮПЮРМНЦН ОПЪДЕМХЪ ХГ РНМЙНЦН БНКНЯЮ ФХБНРМШУ:";ЬЕПЯРЪМШЕ РЙЮМХ , ЙЮЬЕЛХП, ЙНЯРЧЛМЮЪ РЙЮМЭ ;;4,50;1,2;100,0;6;75;8,5;4;2,5;6,5;400;200;;1,3
5208_5209_5210_5211_5212_5213;уКНОНЙ , - рЙЮМХ УКНОВЮРНАСЛЮФМШЕ, ЯНДЕПФЮЫХЕ 85 ЛЮЯ.% ХКХ АНКЕЕ УКНОЙНБШУ БНКНЙНМ, Я ОНБЕПУМНЯРМНИ ОКНРМНЯРЭЧ АНКЕЕ 200 Ц/Л2:;УКНОНЙ, ЯХРЕЖ, У/А РЙЮМЭ ;;5,5;1,5;100,0;5,5;75;8,5;3,5;3,0;6,5;400;200;;1,3
5309;" оПНВХЕ ПЮЯРХРЕКЭМШЕ РЕЙЯРХКЭМШЕ БНКНЙМЮ; АСЛЮФМЮЪ ОПЪФЮ Х РЙЮМХ ХГ АСЛЮФМНИ ОПЪФХ";КЭНМ, РЙЮМЭ КЭМЪМЮЪ;;5,5;1,5;100,0;5,5;75;8,5;3,5;3,0;6,5;400;200;;1,3
5401;ЯХМРЕРХВЕЯЙХЕ МХРХ , МХРЙЮ ЬБЕИМХЪ ХГ ЯХМРЕРХЙХ;МХРЙХ;;1,5;0,4;100,0;5,5;75;7,5;4,5;2,0;6,5;400;200;;1,2
5403,5407; рЙЮМХ ХГ ХЯЙСЯЯРБЕММШУ ЙНЛОКЕЙЯМШУ МХРЕИ, БЙКЧВЮЪ РЙЮМХ, ХГЦНРЮБКХБЮЕЛШЕ ХГ ЛЮРЕПХЮКНБ РНБЮПМНИ ОНГХЖХХ;БХЯЙНГЮ, ЮРКЮЯ(100% онкхщяреп);;3,5;0,9;100,0;5,5;75;8,5;3,5;3,0;6,5;400;200;;1,3
5512_5513_5514_5515_5516;рЙЮМХ ХГ ЯХМРЕРХВЕЯЙХУ БНКНЙНМ;рЙЮМЭ ЯХМРЕРХЙЮ , МЕ ЛЕМЕЕ 85 % ЯХМРЕРХЙХ : ОНКХЩЯРЕП , ЮЙПХК, АХТКЕЙЯ, ;;3,75;1,0;100,0;5,5;75;8,5;3,5;3,0;6,5;400;200;;1,3
5801_5802_5803;" яОЕЖХЮКЭМШЕ РЙЮМХ; ЦЮТРХМЦНБШЕ РЕЙЯРХКЭМШЕ ЛЮРЕПХЮКШ; ЙПСФЕБЮ; ЦНАЕКЕМШ; НРДЕКНВМШЕ ЛЮРЕПХЮКШ; БШЬХБЙХ";ЙПСФЕБЮ, БШЬХБЙЮ, НРДЕКНВМЮЪ РЙЮМЭ, ЛЕАЕКЭМЮЪ РЙЮМЭ, НАХБНВМШЕ РЙЮМХ;;5,00;1,3;100,0;5,5;75;8,5;3,5;3,0;6,5;400;200;;2,0
51012_5103_5105; РЙЮМЭ ЬЕПЯЪРМЮЪ ;ЬЕПЯРЭ;;2,50;0,7;100,0;5;75;8,5;3;3,5;6,5;400;200***;;1,3
51061_51062_5107_5108_5109_5111_5205;опъфю ьепяръмюъ ,УА Х ЯЛЕЬЕММЮЪ(ЮЙПХК) Б ЙНКНЙМЮУ, Б АНАХМЮУ Х МЕ ПЮЯТЮЯНБЮММЮЪ;ОПЪФЮ;;4,50;1,2;100,0;5;75;7,5;4;2,5;6,5;400;200***;;1,2
5911909010;опнвхе рейярхкэмше люрепхюкш х хгдекхъ дкъ реумхвеяйху жекеи, сонлъмсрше б опхлевюмхх 7 й дюммни цпсоое;РЙЮМЭ;;3,75;1,0;100,0;5;75;8,5;3;3,5;6,5;400;200***;;1,3
591190_6004;опнвхе рейярхкэмше люрепхюкш х хгдекхъ дкъ реумхвеяйху жекеи, сонлъмсрше б опхлевюмхх 7 й дюммни цпсоое;РЙЮМЭ;;3,75;1,0;100,0;5;75;8,5;3;3,5;6,5;400;200***;;1,3
6001_6006;рПХЙРНФЮМШЕ ОНКНРМЮ Б ПСКНМЮУ Х ЙСКХП, ЯЛЕЬЮММШЕ,БЯЕ БХЛХДШЕ, БЙКЧВЮЪ ПСВМНЦН ОПЪДЕМХЪ;РЙЮМЭ;;3,75;1,0;100,0;5;75;8,5;3;3,5;6,5;400;200***;;1,3
6101_6102_6201_6201;оюкэрн, онксоюкэрн, мюйхдйх, окюых х юмюкнцхвмше хгдекхъ хг укновюрнаслюфмни опъфх рпхйнрюфмше, лсфяйхе хкх дкъ люкэвхйнб, йпнле хгдекхи рнбюпмни онгхжхх 6103;бепумъъ ндефдю : ОЮКЭРН, МЮЙХДЙХ , ОКЮЫХ, ЙСПРЙХ ;;9,50;2,5;100,0;5,5;75;10,5;3;5,0;8,0;400;200***;;3,8
6103_6104_6203_6204;йНЯРЧЛХ, ЙНЛОКЕЙРХ, ОiДФЮЙХ, АКЕИГЕПХ, ЬРЮМХ, ЙНЛАiМЕГНМХ iГ ЬКЕИЙЮЛХ, АПХДФi РЮ ЬНПРХ (ЙПiЛ ЙСОЮКЭМХУ), РПХЙНРЮФМi, ;нДЕФДЮ  ОНБЯЕДМЕБМЮЪ -- кЧАЮЪ : ЙНЯРЧЛШ, ОКЮРЭЪ, ЬРЮМШ, ЧАЙХ  ПСАЮЬЙХ  Х Р.Д  хГ РПХЙНРЮФЮ, ЬЕПЯРЪМШУ МХРЕИ, уА, РЮЙМЕИ;;7,5;2,0;100,0;5;75;9,0;3,5;4,0;7,5;400;200***;;2,5
6105_6106_6205_6206;псаюьйх рпхйнрюфмше, лсфяйхе хкх дкъ люкэвхйнб, хг ухлхвеяйху яхмрерхвеяйху мхреи, люьхммнцн хкх псвмнцн бъгюмхъ  х аксгйх, аксгш х аксгнмш рпхйнрюфмше, ;пСАЮЬЙХ Х АКСГЙХ  ХГ КЧАШУ РЙЮМЕИ;;6,1;1,6;100,0;5;75;9,0;3,5;4,0;7,5;400;200***;;2,5
6107_6108_ 6109 _6207_6208_6209_6212;рпсяш х йюкэянмш . опнвхе йсоюкэмше, днлюьмхе уюкюрш х юмюкнцхвмше хгдекхъ, лсфяйхе хкх дкъ люкэвхйнб, хг опнвху рейярхкэмшу люрепхюкнб, люьхммнцн хкх псвмнцн бъгюмхъ; мюрекэмне аекэе  : мХФМЕЕ АЕКЭЕ   Х ЙСОЮКЭМЮЪ НДЕФДЮ,  нДЕФДЮ ДКЪ ДНЛЮ - ОХФЮЛШ, УЮКЮРШ, ЙНЛАХМЮЖХХ,ОЕМЭЧЮПШ, ЛЮИЙХ ;;6,1;1,6;100,0;5;75;8,5;3;3,5;6,5;400;200***;;2,0
6110;ябхрепш х онксбепш рпхйнрюфмше, яндепфюыхе ме лемее 50 люя.% ьепярх, х люяяни 600 ц хкх анкее мю ндмн хгдекхе, хг ьепяръмни опъфх, люьхммнцн хкх псвмнцн бъгюмхъ;ЯБХРЕПЮ, ОНКСБЕПШ, ФЕКЕРШ, ДФЕЛОЕПЮ ;;7,5;2,0;100,0;5;75;9,0;3,5;4,0;7,5;400;200***;;2,5
6111_6211;дЕРЯЙЮЪ НДЕФДЮ Х ОПХМЮДКЕФМНЯРХ Й ДЕРЯЙНИ НДЕФДЕ РПХЙНРЮФМШЕ ЛЮЬХММНЦН ХКХ ПСВМНЦН БЪГЮМХЪ:;ДЕРЯЙНЕ ;;7,5;2,0;100,0;5;75;9,0;3,5;4,0;7,5;400;200***;;2,5
6112;йНЯРЧЛШ ЯОНПРХБМШЕ, КШФМШЕ Х ЙСОЮКЭМШЕ РПХЙНРЮФМШЕ ЛЮЬХММНЦН ХКХ ПСВМНЦН БЪГЮМХЪ:;ЙНЯРЧЛШ ДКЪ ЯОНПРЮ;;7,5;2,0;100,0;5;75;9,0;3,5;4,0;7,5;400;200***;;2,5
6115;йНКЦНРЙХ, ОЮМВНУХ, ЦНКЭТХ, ЬЙЮПОЕРЙХ i ОiДЯКiДМХЙХ РЮ iМЬi ОЮМВiЬМН-ЬЙЮПОЕРЙНБi БХПНАХ, БЙКЧВЮЧВХ ЙНЛОПЕЯiИМi ОЮМВiЬМН-ЬЙЮПОЕРЙНБi БХПНАХ (МЮОПХЙКЮД ОЮМВНУХ ДКЪ УБНПХУ Г БЮПХЙНГМХЛ ПНГЬХПЕММЪЛ БЕМ) РЮ БГСРРЪ АЕГ ОiДНЬНБ, РПХЙНРЮФМi:;ВСКНВМШЕ ХГДЕКХЪ;;6,1;1,6;100,0;5;75;8,5;3;3,5;6,5;400;200***;;2,0
6116_6216;оЕПВЮРЙХ, ПСЙЮБХЖШ Х ЛХРЕМЙХ РПХЙНРЮФМШЕ ЛЮЬХММНЦН ХКХ ПСВМНЦН БЪГЮМХЪ:;МЕ ЙНФЮ;;5,6;1,5;100,0;5;75;8,5;3;3,5;6,5;400;200***;;2,0
6116108000;опнвхе оепвюрйх, псйюбхжш х лхремйх рпхйнрюфмше люьхммнцн хкх псвмнцн бъгюмхъ, опнохрюммше хкх онйпшрше окюярлюяяни хкх пегхмни;ОЕПВЮРЙХ  ЯРНХРЕКЭМШЕ ОПНОХРЮММШЕ;;2,5;0,7;100,0;5;75;8,0;3,5;3,0;6,5;400;200***;;1,3
6117_6214_6215_6213_6217;ьюкх, ьюптш, окюрйх, йюьме, люмрхкэх, бсюкх х юмюкнцхвмше хгдекхъ рпхйнрюфмше, люьхммнцн хкх псвмнцн бъгюмхъ;ЬЮКХ, ЦЮКЯРСЙХ , ЬЮПТШ, ЬЮКХ , ОКЮРЙХ ;;5,6;1,5;100,0;5;75;8,0;3,5;3,0;6,5;400;200***;;2,0
6301;" I. цнрнбше рейярхкэмше хгдекхъ опнвхе
- - нДЕЪКЮ Х ОКЕДШ ДНПНФМШЕ:ДНЛЮЬМХИ рейярхкэ";Б РНЛ ВХЯКЕ Х ЩКЕЙРХВЕЯЙХЕ;;3;0,8;100,0;5,5;75;8,5;3,5;3,0;6,5;400;200***;;1,3
6302; - аЕКЭЕ ОНЯРЕКЭМНЕ, ЯРНКНБНЕ, РСЮКЕРМНЕ Х ЙСУНММНЕ:;;;2,62;0,7;100,0;5,5;75;8,5;3,5;3,0;6,5;400;200***;;1,3
6303;"гЮМЮБЕЯХ (БЙКЧВЮЪ ОНПРЭЕПШ) Х БМСРПЕММХЕ ЬРНПШ; КЮЛАПЕЙЕМШ ХКХ ОНДГНПШ ДКЪ ЙПНБЮРЕИ:";РЕЙЯРХКЭ ДКЪ НЙНМ, ЙПНБЮРЕИ ;;2;0,5;100,0;5,5;75;7,5;4,5;2,0;6,5;400;200***;;1,4
6306;" аПЕГЕМРШ, МЮБЕЯШ, РЕМРШ; ОЮКЮРЙХ; ОЮПСЯЮ ДКЪ КНДНЙ, ДНЯНЙ ДКЪ БХМДЯЕПТХМЦЮ ХКХ ЯСУНОСРМШУ РПЮМЯОНПРМШУ ЯПЕДЯРБ; ЯМЮПЪФЕМХЕ ДКЪ ЙЕЛОХМЦЮ:";МЮ МЕРЙЮММНИ НЯМНБЕ;;2,5;0,7;100,0;5,5;75;8,2;3,8;2,7;6,5;400;200***;;1,3
6307_6308;рпъойх дкъ лшрэъ онкнб, онясдш, сдюкемхъ ошкх х юмюкнцхвмше опнрхпнвмше ллюрепхюкш рпхйнрюфмше люьхммнцн хкх псвмнцн бъгюмхъ;РЕЙЯРХКЭМШЕ ХГДЕКХЪ ДКЪ САНПЙХ ;;2,5;0,7;100,0;5,5;75;8,2;3,8;2,7;6,5;400;200***;;1,2
6401_6402_6403_6404;НАСБЭ;НАСБЭ;;6,56;1,7;100,0;5,5;75;8,5;3,5;3,0;6,5;400;200***;;2,5
6406;" дЕРЮКХ НАСБХ (БЙКЧВЮЪ ГЮЦНРНБЙХ БЕПУЮ НАСБХ Я ОПХЙПЕОКЕММНИ ХКХ МЕОПХЙПЕОКЕММНИ НЯМНБМНИ ЯРЕКЭЙНИ); БЙКЮДМШЕ ЯРЕКЭЙХ, ОНДОЪРНВМХЙХ Х ЮМЮКНЦХВМШЕ ХГДЕКХЪ; ЦЕРПШ, ЦЮЛЮЬХ Х ЮМЮКНЦХВМШЕ ХГДЕКХЪ, Х ХУ ДЕРЮКХ:";яРЕКЭЙХ;;4,56;1,2;100,0;5,5;75;8,5;3,5;3,0;6,5;400;200***;;1,5
6601_6603;" гНМРШ, ЯНКМЖЕГЮЫХРМШЕ ГНМРШ, РПНЯРХ, РПНЯРХ-ЯХДЕМЭЪ, УКШЯРШ, ЙМСРШ ДКЪ БЕПУНБНИ ЕГДШ Х ХУ ВЮЯРХ
- гНМРШ Х ЯНКМЖЕГЮЫХРМШЕ ГНМРШ (БЙКЧВЮЪ ГНМРШ-РПНЯРХ, ЯЮДНБШЕ ГНМРШ Х ЮМЮКНЦХВМШЕ ГНМРШ):";ГНМРШ, ЯЮДНБХШЕ, РПНЯРХ  Х ХУ ВЮЯРХ ;;3;0,8;100,0;5;75;7,5;4;2,5;6,5;400;200***;;1,3
67021;"жберш, кхярэъ х окндш хяйсяярбеммше х ху вюярх; хгдекхъ хг хяйсяярбеммшу жбернб, кхярэеб хкх окнднб хг окюярлюяяш";ХЯЙСЯРБЕММШЕ ЖБЕРШ Х ХГДЕКХЪ ДЕЙНПЮ ХГ ОЕПЭЕБ;нл;3,13;0,8;100,0;5;75;7,5;4;2,5;6,5;400;200***;;1,1
6908;"оПНВХЕ ЙЕПЮЛХВЕЯЙХЕ ХГДЕКХЪ :  оКХРШ ДКЪ ЛНЫЕМХЪ, ОКХРЙХ НАКХЖНБНВМШЕ ДКЪ ОНКНБ, ОЕВЕИ, ЙЮЛХМНБ ХКХ ЯРЕМ ЙЕПЮЛХВЕЯЙХЕ ЦКЮГСПНБЮММШЕ; ЙСАХЙХ ЙЕПЮЛХВЕЯЙХЕ ЦКЮГСПНБЮММШЕ ДКЪ ЛНГЮХВМШУ ПЮАНР Х ЮМЮКНЦХВМШЕ ХГДЕКХЪ, МЮ НЯМНБЕ ХКХ АЕГ МЕЕ:";ОКХРЙЮ ЙЕПЮЛХВЕЯЙЮЪ;;1,24;0,3;100,0;5;75;7,5;3,5;2,5;6,0;400;200;;0,9
6911_6913;онясдю ярнкнбюъ х йсунммюъ хг тюптнпюХ ОПНВХЕ ХГДЕКХЪ ХГ ТЮПТНПЮ;тюптнп  - ОНЯСДЮ Х ЯСБЕМХПЙЮ ;;2,19;0,6;100,0;5,5;75;7,5;4,5;2,0;6,5;400;200***;;1,5
6912;онясдю ярнкнбюъ, йсунммюъ х опнвхе унгъиярбеммше х рсюкермше хгдекхъ хг нашвмни йепюлхйх;йЕПЮЛХЙЮ - ОНЯСДЮ Х ЯСБЕМХПЙЮ ;;1,92;0,5;100,0;5,5;75;7,5;4,5;2,0;6,5;400;200***;;1,3
6914; оПНВХЕ ЙЕПЮЛХВЕЯЙХЕ ХГДЕКХЪ; ЙЮЬОН, ДЕРЮКХ НАНПСДНБЮМХЪ, ВЮЬЙХ ДКЪ РНАЮЙЮ, Х ДПСЦХЕ ХГДЕКХЪ ХГ ЙЕПЮЛХЙХ;;1,88;0,5;100,0;5,5;75;7,5;4,5;2,0;6,5;400;200***;;1,2
7009100090;гЕПЙЮКЮ ЯРЕЙКЪММШЕ, Б ПЮЛЮУ ХКХ АЕГ ПЮЛ, БЙКЧВЮЪ ГЕПЙЮКЮ ГЮДМЕЦН НАГНПЮ:;гЕПЙЮКЮ ЯРЕЙКЪММШЕ, Б ПЮЛЮУ ХКХ АЕГ ПЮЛ, БЙКЧВЮЪ ГЕПЙЮКЮ ГЮДМЕЦН НАГНПЮ:;;2,4;0,6;100,0;5,5;75;7,5;4,5;2,0;6,5;400;200***;;1,2
7010909100;асршкйх дкъ опнвху опндсйрнб хг аеяжбермнцн ярейкю;АСРШКЙХ ХГ ЯРЕЙКЮ ;;1;0,3;100,0;5,5;75;7,5;4,5;2,0;6,5;400;200***;;1,0
7013; оНЯСДЮ ЯРНКНБЮЪ Х ЙСУНММЮЪ, ОПХМЮДКЕФМНЯРХ РСЮКЕРМШЕ Х ЙЮМЖЕКЪПЯЙХЕ, ХГДЕКХЪ ДКЪ ДНЛЮЬМЕЦН САПЮМЯРБЮ ХКХ ЮМЮКНЦХВМШУ ЖЕКЕИ, ЯРЕЙКЪММШЕ (ЙПНЛЕ ХГДЕКХИ РНБЮПМНИ ОНГХЖХХ 7010 ХКХ 7018):;онясдю хг ярейкю ;;2,2;0,6;100,0;5,5;75;8,0;4,5;2,5;7,0;400;200***;;1,2
7018;"аСЯХМШ ЯРЕЙКЪММШЕ, ХГДЕКХЪ, ХЛХРХПСЧЫХЕ ФЕЛВСЦ, ДПЮЦНЖЕММШЕ ХКХ ОНКСДПЮЦНЖЕММШЕ ЙЮЛМХ Х ЮМЮКНЦХВМШЕ МЕАНКЭЬХЕ ТНПЛШ ХГ ЯРЕЙКЮ, ХГДЕКХЪ ХГ МХУ, ЙПНЛЕ АХФСРЕПХХ; ЯРЕЙКЪММШЕ ЦКЮГЮ, ЙПНЛЕ ОПНРЕГНБ; ЯРЮРСЩРЙХ Х ОПНВХЕ ДЕЙНПЮРХБМШЕ ХГДЕКХЪ ХГ ЯРЕЙКЮ, НАПЮАНРЮММШЕ ОЮЪКЭМНИ КЮЛОНИ, ЙПНЛЕ АХФСРЕПХХ; ЛХЙПНЯТЕПШ ЯРЕЙКЪММШЕ ДХЮЛЕРПНЛ МЕ АНКЕЕ 1 ЛЛ";ДЕЙНП ХГ яРЮЙКЮ- ЯСБЕМХПЙЮ, АСЯХМШ , ХЛХРЮЖХЪ ЙЮЛМЕИ;;3,13;0,8;100,0;5,5;75;8,0;4,5;2,5;7,0;400;200***;;1,2
7117;═аХФСРЕПХЪ ХГ МЕДПЮЦНЖЕММШУ ЛЕРЮКНБ ;лЕРЮКХВЕЯЙЮЪ АХФСРЕПХЪ ;нл;5,5;1,5;100,0;5,5;75;9,5;3;4,0;7,0;400;200***;;2,0
7308;" хГДЕКХЪ ХГ ВЕПМШУ ЛЕРЮККНБ
- лЕРЮККНЙНМЯРПСЙЖХХ ХГ ВЕПМШУ ЛЕРЮККНБ (ЙПНЛЕ ЯАНПМШУ ЯРПНХРЕКЭМШУ ЙНМЯРПСЙЖХИ РНБЮПМНИ ОНГХЖХХ 9406) Х ХУ ВЮЯРХ (МЮОПХЛЕП, ЛНЯРШ Х ХУ ЯЕЙЖХХ, БНПНРЮ ЬКЧГНБ, АЮЬМХ, ПЕЬЕРВЮРШЕ ЛЮВРШ, ОЕПЕЙПШРХЪ ДКЪ ЙПШЬ, ЯРПНХРЕКЭМШЕ ТЕПЛШ, ДБЕПХ Х НЙМЮ Х ХУ ПЮЛШ, ОНПНЦХ ДКЪ ДБЕПЕИ, ФЮКЧГХ, АЮКЧЯРПЮДШ, НОНПШ Х ЙНКНММШ); КХЯРШ, ОПСРЙХ, СЦНКЙХ, ТЮЯНММШЕ ОПНТХКХ, РПСАШ Х ЮМЮКНЦХВМШЕ ХГДЕКХЪ, ХГ ВЕПМШУ ЛЕРЮККНБ, ОПЕДМЮГМЮВЕММШЕ ДКЪ ХЯОНКЭГНБЮМХЪ Б ЛЕРЮККНЙНМЯРПСЙЖХЪУ:";гЮОНПМЮЪ ЮПЛСРЮПСЮ Б РВ ОПНЛШЬКЕММЮЪ;;2;0,5;100,0;5,5;75;7,6;4,5;2,1;6,6;400;200***;;0,9
7318;"хГДЕКХЪ ХГ ВЕПМШУ ЛЕРЮККНБ
- бХМРШ, АНКРШ, ЦЮИЙХ, ЦКСУЮПХ, ББЕПРМШЕ ЙПЧЙХ, ГЮЙКЕОЙХ, ЬОНМЙХ, ЬОКХМРШ, ЬЮИАШ (БЙКЧВЮЪ ОПСФХММШЕ) Х ЮМЮКНЦХВМШЕ ХГДЕКХЪ, ХГ ВЕПМШУ ЛЕРЮККНБ:";лЕРХГШ,ЦЮИЙХ АНКРШ;нл;1,54;0,4;100,0;5,5;75;7,5;4,5;2,0;6,5;400;200***;;0,9
7319;" хГДЕКХЪ ХГ ВЕПМШУ ЛЕРЮККНБ
- хЦКШ ЬБЕИМШЕ, ЯОХЖШ БЪГЮКЭМШЕ, ЬХКЮ, ЙПЧВЙХ БЪГЮКЭМШЕ, ХЦКШ ДЕЙЙЕПМШЕ Х ЮМЮКНЦХВМШЕ ХГДЕКХЪ, ДКЪ ПСВМНИ ПЮАНРШ, ХГ ВЕПМШУ ЛЕРЮККНБ; ЮМЦКХИЯЙХЕ Х ОПНВХЕ АСКЮБЙХ, ХГ ВЕПМШУ ЛЕРЮККНБ, Б ДПСЦХУ РНБЮПМШУ ОНГХЖХЪУ МЕ ОНХЛЕМНБЮММШЕ ХКХ МЕ БЙКЧВЕММШЕ:";ЬБЕИЙЮ ВЕПМШЕ ЛЕРЮКШ;;1,8;0,4;100,0;5,5;75;7,5;4,5;2,0;6,5;400;200***;;1,0
7322;" пЮДХЮРНПШ ДКЪ ЖЕМРПЮКЭМНЦН НРНОКЕМХЪ Я МЕЩКЕЙРПХВЕЯЙХЛ МЮЦПЕБНЛ Х ХУ ВЮЯРХ, ХГ ВЕПМШУ ЛЕРЮККНБ; БНГДСУНМЮЦПЕБЮРЕКХ Х ПЮЯОПЕДЕКХРЕКЭМШЕ СЯРПНИЯРБЮ ДКЪ ОНДЮВХ ЦНПЪВЕЦН БНГДСУЮ (БЙКЧВЮЪ СЯРПНИЯРБЮ ДКЪ ОНДЮВХ РЮЙФЕ ЯБЕФЕЦН ХКХ ЙНМДХЖХНМХПНБЮММНЦН БНГДСУЮ) Я МЕЩКЕЙРПХВЕЯЙХЛ МЮЦПЕБНЛ, НАНПСДНБЮММШЕ БЯРПНЕММШЛ БЕМРХКЪРНПНЛ ХКХ БНГДСУНДСБЙНИ Я ОПХБНДНЛ НР ДБХЦЮРЕКЪ Х ХУ ВЮЯРХ, ХГ ВЕПМШУ ЛЕРЮККНБ:";ПЮДХЮРНПШ Х ХУ ВЮЯРХ ХГ ВЕПМШУ ЛЕРЮККНБ;;1,72;0,3;100,0;5,5;75;7,5;4,5;2,0;6,5;400;200***;;1,0
7323;" хГДЕКХЪ ХГ ВЕПМШУ ЛЕРЮККНБ
- хГДЕКХЪ ЯРНКНБШЕ, ЙСУНММШЕ ХКХ ОПНВХЕ ХГДЕКХЪ ДКЪ АШРНБШУ МСФД Х ХУ ВЮЯРХ, ХГ ВЕПМШУ ЛЕРЮККНБ; ""ЬЕПЯРЭ"" ХГ ВЕПМШУ ЛЕРЮККНБ; ЛНВЮКЙХ ДКЪ ВХЯРЙХ ЙСУНММНИ ОНЯСДШ, ОНДСЬЕВЙХ ДКЪ ВХЯРЙХ ХКХ ОНКХПНБЙХ, ОЕПВЮРЙХ Х ЮМЮКНЦХВМШЕ ХГДЕКХЪ, ХГ ВЕПМШУ ЛЕРЮККНБ:";ЙСУНММЮЪ СРБЮПЭ ЛЕРЮККХВЕЯЙЮЪ(ВЮЬЙХ ЛЮРЕК,ЙЮЯРПЧКХ,ЙПСФЙХ, ),ЯЙНБНБПНДЙХ РЕТКНМ бяъ ОНЯСДЮ ХГ ЛЕРЮЮКЮ,цюярпнеялйнярх;;3,85;0,9;100,0;5,5;75;7,5;4,5;2,0;6,5;400;200***;;1,5
7324;" хГДЕКХЪ ХГ ВЕПМШУ ЛЕРЮККНБ
- нАНПСДНБЮМХЕ ЯЮМХРЮПМН-РЕУМХВЕЯЙНЕ Х ЕЦН ВЮЯРХ, ХГ ВЕПМШУ ЛЕРЮККНБ:";ПЮЙНБХМЮ МЕЕПФЮБИЙЮ,ЙСУ ЛНИЙХ, ОНДДНМШ Б ДСЬ Х Р.Д;;1,7;0,4;100,0;5,5;75;7,5;4,5;2,0;6,5;400;200***;;1,5
7407_7408_7409_7410_7411_7413,7418;" лЕДЭ Х ХГДЕКХЪ ХГ МЕЕ
оПСРЙХ Х ОПНТХКХ ЛЕДМШЕ, ЛЕДМЮЪ ОПНБНКЙЮ , КХЯРШ ХГ ЛЕДХ";ледмюъ опнбнкйю , ЛЕДМЮЪ ТЮКЭЦЮ ;;6,71;2,0;100,0;5,5;75;9,5;4,5;4,0;8,5;400;200***;;2,0
7607;" юКЧЛХМХИ Х ХГДЕКХЪ ХГ МЕЦН
- тНКЭЦЮ ЮКЧЛХМХЕБЮЪ (АЕГ НЯМНБШ ХКХ МЮ НЯМНБЕ ХГ АСЛЮЦХ, ЙЮПРНМЮ, ОКЮЯРЛЮЯЯШ ХКХ ЮМЮКНЦХВМШУ ЛЮРЕПХЮКНБ) РНКЫХМНИ (МЕ ЯВХРЮЪ НЯМНБШ) МЕ АНКЕЕ 0,2 ЛЛ:";ТНКЭЦЮ ;;2,3;0,5;100,0;5,5;75;7,5;4,5;2,0;6,5;400;200***;;1,1
7608_7609;" юКЧЛХМХИ Х ХГДЕКХЪ ХГ МЕЦН
- рПСАШ Х РПСАЙХ ЮКЧЛХМХЕБШЕ,  тХРХМЦХ ДКЪ РПСА ХКХ РПСАНЙ ЮКЧЛХМХЕБШЕ (МЮОПХЛЕП, ЛСТРШ, ЙНКЕМЮ, ТКЮМЖШ), 
";ЮКЧЛХМХЕБШЕ ХГДЕКХЪ;;2,5;0,5;100,0;5,5;75;8,0;4,5;2,0;6,5;400;200***;;1,1
7610;" юКЧЛХМХИ Х ХГДЕКХЪ ХГ МЕЦН
- лЕРЮККНЙНМЯРПСЙЖХХ ЮКЧЛХМХЕБШЕ (ЙПНЛЕ ЯАНПМШУ ЯРПНХРЕКЭМШУ ЛЕРЮККНЙНМЯРПСЙЖХИ РНБЮПМНИ ОНГХЖХХ 9406) Х ХУ ВЮЯРХ (МЮОПХЛЕП, ЛНЯРШ Х ХУ ЯЕЙЖХХ, АЮЬМХ, ПЕЬЕРВЮРШЕ ЛЮВРШ, ОЕПЕЙПШРХЪ ДКЪ ЙПШЬ, ЯРПНХРЕКЭМШЕ ТЕПЛШ, ДБЕПХ, НЙМЮ Х ХУ ПЮЛШ, ОНПНЦХ ДКЪ ДБЕПЕИ, АЮКЧЯРПЮДШ, НОНПШ Х ЙНКНММШ); КХЯРШ, ОПСРЙХ, ОПНТХКХ, РПСАШ Х ЮМЮКНЦХВМШЕ ХГДЕКХЪ ЮКЧЛХМХЕБШЕ, ОПЕДМЮГМЮВЕММШЕ ДКЪ ХЯОНКЭГНБЮМХЪ Б ЛЕРЮККНЙНМЯРПСЙЖХЪУ:";ЮКЧЛХМХЕБШЕ ЛЕРЮККНЙНМЯРПСЙЖХХ;;2,5;0,5;100,0;5,5;75;8,5;4,5;2,0;6,5;400;200***;;1,1
704_7905_7906;"жХМЙ Х ХГДЕКХЪ ХГ МЕЦН
-оПСРЙХ Х ОПНТХКХ  ЖХМЙНБШЕ";ЖХМЙНБШЕ ХГДЕКХЪ;;6,5;2,28;100,0;5,5;75;9,0;5;3,5;8,5;400;200;;3,4
8212;аПХРБШ Х КЕГБХЪ ДКЪ МХУ (БЙКЧВЮЪ ОНКНЯНБШЕ ГЮЦНРНБЙХ ДКЪ КЕГБХИ)ашрнбше;КЕГБХЪ Х АПХРБШ ме апемд;;10,0;2,7;100,0;6,5;75;9,5;4;3,0;7,0;400;200;;2,7
8214;" хМЯРПСЛЕМРШ, ОПХЯОНЯНАКЕМХЪ, МНФЕБШЕ ХГДЕКХЪ, КНФЙХ Х БХКЙХ ХГ МЕДПЮЦНЖЕММШУ ЛЕРЮККНБ; ХУ ВЮЯРХ ХГ МЕДПЮЦНЖЕММШУ ЛЕРЮККНБ
- хГДЕКХЪ ПЕФСЫХЕ ОПНВХЕ (МЮОПХЛЕП, ЛЮЬХМЙХ ДКЪ ЯРПХФЙХ БНКНЯ, ЯОЕЖХЮКЭМШЕ МНФХ ДКЪ ЛЪЯМХЙНБ ХКХ ЯОЕЖХЮКЭМШЕ ЙСУНММШЕ МНФХ Х ЯЕВЙХ, МНФХ ДКЪ АСЛЮЦХ); ЛЮМХЙЧПМШЕ ХКХ ОЕДХЙЧПМШЕ МЮАНПШ Х ХМЯРПСЛЕМРШ (БЙКЧВЮЪ ОХКЙХ ДКЪ МНЦРЕИ):";ЛЮМХЙЧПМШЕ ОПХМЮДКЕФМНЯРХ ХГ ЛЕРЮКЮКЮ : ОХКЙХ, ЙСЯЮВЙХ, МНФМХЖШ, МЮАНПШ ЛЮМХЙЧПМШЕ;;1,5;0,4;100,0;5,5;75;8,0;4,0;2,5;6,5;400;200;;1,5
8215;кНФЙХ, БХКЙХ, ОНКНБМХЙХ, ЬСЛНБЙХ, КНОЮРНВЙХ ДКЪ РНПРНБ, МНФХ ДКЪ ПШАШ, ЛЮЯКЮ, ЫХОЖШ ДКЪ ЯЮУЮПЮ Х ЮМЮКНЦХВМШЕ ЙСУНММШЕ ХКХ ЯРНКНБШЕ ОПХАНПШ;КНФЙХ, БХКЙХ ,МНФХ ЯРНКНБШЕ ОПЕМЮДКЕФМНЯРХ ;;1,88;0,5;100,0;5,5;75;7,5;4,5;2,0;6,5;400;200***;;1,5
8202_8203_8204_8205_8206_8207_8208;" хМЯРПСЛЕМРШ, ОПХЯОНЯНАКЕМХЪ, МНФЕБШЕ ХГДЕКХЪ,  ХГ МЕДПЮЦНЖЕММШУ ЛЕРЮККНБ; ХУ ВЮЯРХ ХГ МЕДПЮЦНЖЕММШУ ЛЕРЮККНБ";псвмни хмярпслемр ХГ ЛЕРЮККЮ - МНФХ РЕУМХВЕЯЙХЕ , ЯБЕПКЮ, МЮЙНМЕВМХЙХ Х .Д;;2,5;0,7;100,0;5,5;75;7,5;4,5;2,0;6,5;400;200***;;1,1
8211; мНФХ Я ПЕФСЫХЛХ КЕГБХЪЛХ, ОХКННАПЮГМШЛХ ХКХ МЕР (БЙКЧВЮЪ МНФХ ДКЪ НАПЕГЙХ ДЕПЕБЭЕБ),  Х КЕГБХЪ ДКЪ МХУ;ЙСУНММШЕ МНФХ Х КЕГБХЪ ДКЪ МНФЕИ;;2,5;0,7;100,0;5,5;75;7,5;4,5;2,0;6,5;400;200***;;1,5
8301;" оПНВХЕ ХГДЕКХЪ ХГ МЕДПЮЦНЖЕММШУ ЛЕРЮККНБ
- гЮЛЙХ БХЯЪВХЕ Х БПЕГМШЕ (ЩКЕЙРПХВЕЯЙХЕ), ХГ МЕДПЮЦНЖЕММШУ ЛЕРЮККНБ; ГЮДБХФЙХ Х ПЮЛЙХ Я ГЮДБХФЙЮЛХ, НАЗЕДХМЕММШЕ Я ГЮЛЙЮЛХ, ХГ МЕДПЮЦНЖЕММШУ ЛЕРЮККНБ; ЙКЧВХ ДКЪ КЧАШУ БШЬЕСЙЮГЮММШУ ХГДЕКХИ, ХГ МЕДПЮЦНЖЕММШУ ЛЕРЮККНБ:"; ЩКЕЙРПНММШИ ГЮЛНЙ, ЙКЧВХ ДКЪ ДНЛНТНМНБ, ЩКЕЙРПНММШЕ ЙКЧВХ., АПХКНЙ ДКЪ ДНЛНТНМЮ;;3,13;0,8;100,0;5,5;75;8,0;4;2,5;6,5;400;200***;;1,5
8302;" йПЕОЕФМЮЪ ЮПЛЮРСПЮ, ТСПМХРСПЮ Х ЮМЮКНЦХВМШЕ ХГДЕКХЪ ХГ МЕДПЮЦНЖЕММШУ ЛЕРЮККНБ, ХЯОНКЭГСЕЛШЕ ДКЪ ЛЕАЕКХ, ДБЕПЕИ, КЕЯРМХЖ, НЙНМ, ЬРНП, Б ЯЮКНМЮУ РПЮМЯОНПРМШУ ЯПЕДЯРБ, ЬНПМШУ ХГДЕКХИ, ВЕЛНДЮМНБ, ЪЫХЙНБ, ЬЙЮРСКНЙ ХКХ ЮМЮКНЦХВМШУ ХГДЕКХИ; БЕЬЮКЙХ ДКЪ ЬКЪО, ЙПЧВЙХ ДКЪ ЬКЪО, ЙПНМЬРЕИМШ Х ЮМЮКНЦХВМШЕ ХГДЕКХЪ ХГ МЕДПЮЦНЖЕММШУ ЛЕРЮККНБ; ЛЕАЕКЭМШЕ ЙНКЕЯЮ Я ЙПЕОЕФМШЛХ ОПХЯОНЯНАКЕМХЪЛХ ХГ МЕДПЮЦНЖЕММШУ ЛЕРЮККНБ; ЮБРНЛЮРХВЕЯЙХЕ СЯРПНИЯРБЮ ХГ МЕДПЮЦНЖЕММШУ ЛЕРЮККНБ ДКЪ ГЮЙПШБЮМХЪ ДБЕПЕИ: гЮЛЙХ БХЯЪВХЕ Х БПЕГМШЕ, ЯЕПДЖЕБХМЮ ДКЪ ГЮЛЙНБ";ГЮЛЙХ ЛЕРЮКХВЕЯЙХ, ТСПМХРСПЮ ДКЪ ЛЕАЕКХ , НЙНМ , ДБЕПХ;;3,13;0,8;100,0;5,5;75;8,0;4;2,5;6,5;400;200***;;1,2
8305;" оПНВХЕ ХГДЕКХЪ ХГ МЕДПЮЦНЖЕММШУ ЛЕРЮККНБ
- тСПМХРСПЮ ДКЪ ЯЙНПНЯЬХБЮРЕКЕИ ХКХ ОЮОНЙ, ЙЮМЖЕКЪПЯЙХЕ ГЮФХЛШ Х ЯЙПЕОЙХ, ХМДЕЙЯМШЕ ЙЮПРНВМШЕ СЙЮГЮРЕКХ Х ЮМЮКНЦХВМШЕ ЙЮМЖЕКЪПЯЙХЕ ХГДЕКХЪ, ХГ МЕДПЮЦНЖЕММШУ ЛЕРЮККНБ; ОПНБНКНВМШЕ ЯЙНАШ Б АКНЙЮУ (МЮОПХЛЕП, ДКЪ ЙЮМЖЕКЪПЯЙХУ ЖЕКЕИ, НАХБЙХ ЛЕАЕКХ, СОЮЙНБЙХ), ХГ МЕДПЮЦНЖЕММШУ ЛЕРЮККНБ:";ТСПМХРСПЮ ;;1,88;0,5;100,0;5,5;75;7,5;4,5;2,0;6,5;400;200***;;1,2
8306;" йНКНЙНКЮ, ЦНМЦХ Х ЮМЮКНЦХВМШЕ ХГДЕКХЪ МЕЩКЕЙРПХВЕЯЙХЕ, ХГ МЕДПЮЦНЖЕММШУ ЛЕРЮККНБ; ЯРЮРСЩРЙХ Х ДПСЦХЕ СЙПЮЬЕМХЪ ХГ МЕДПЮЦНЖЕММШУ ЛЕРЮККНБ; ПЮЛШ ДКЪ ТНРНЦПЮТХИ, ЙЮПРХМ ХКХ ЮМЮКНЦХВМШЕ ПЮЛШ, ХГ МЕДПЮЦНЖЕММШУ ЛЕРЮККНБ; ГЕПЙЮКЮ ХГ МЕДПЮЦНЖЕММШУ ЛЕРЮККНБ:";ЛЕРКХВЕЯЙХЕ ПЮЛЙХ Х ЯРЮРСЕРЙХ;нл;1,88;0,5;100,0;5,5;75;7,5;4,5;2,0;6,5;400;200***;;1,0
8308;" оПНВХЕ ХГДЕКХЪ ХГ МЕДПЮЦНЖЕММШУ ЛЕРЮККНБ
- гЮЯРЕФЙХ, ПЮЛШ Я ГЮЯРЕФЙЮЛХ, ОПЪФЙХ, ОПЪФЙХ-ГЮЯРЕФЙХ, ЙПЧВЙХ, ЙНКЕВЙХ, АКНВЙХ Х ЮМЮКНЦХВМШЕ ХГДЕКХЪ, ХГ МЕДПЮЦНЖЕММШУ ЛЕРЮККНБ, ХЯОНКЭГСЕЛШЕ ДКЪ НДЕФДШ, НАСБХ, РЕМРНБ, ЯСЛНЙ, ДНПНФМШУ ОПХМЮДКЕФМНЯРЕИ ХКХ ДПСЦХУ ЦНРНБШУ ХГДЕКХИ; ГЮЙКЕОЙХ РПСАВЮРШЕ ХКХ ПЮГДБНЕММШЕ, ХГ МЕДПЮЦНЖЕММШУ ЛЕРЮККНБ; АСЯХМШ Х АКЕЯРЙХ ХГ МЕДПЮЦНЖЕММШУ ЛЕРЮККНБ:";тСПМХРСПЮ ДКЪ НДЕФДШ, НАСБХ ХГ ЛЕРЮКЮ;нл;1,9;0,5;100,0;5,5;75;7,5;4,5;2,0;6,5;400;200***;;1,0
8407_8408_8409;дБХЦЮРЕКХ БМСРПЕММЕЦН ЯЦНПЮМХЪ Я ХЯЙПНБШЛ ГЮФХЦЮМХЕЛ, Я БПЮЫЮЧЫХЛЯЪ ХКХ БНГБПЮРМН-ОНЯРСОЮРЕКЭМШЛ ДБХФЕМХЕЛ ОНПЬМЪ:;юбрнгюовюярх_ДБХЬЮРЕКЭ  : ДБХЦЮРЕКХ ДХГЕКЭМШЕ, ГЮОВЮЯРХ ДБХЦЮРЕКЪ;;3,75;1,0;100,0;5,5;75;7,5;4,5;2,0;6,5;400;200***;;1,3
8413_8414;"мЮЯНЯШ ФХДЙНЯРМШЕ Я ПЮЯУНДНЛЕПЮЛХ ХКХ АЕГ МХУ; ОНДЗЕЛМХЙХ ФХДЙНЯРЕИ Х мЮЯНЯШ БНГДСЬМШЕ ХКХ БЮЙССЛМШЕ, БНГДСЬМШЕ ХКХ ЦЮГНБШЕ ЙНЛОПЕЯЯНПШ Х БЕМРХКЪРНПШ; БЕМРХКЪЖХНММШЕ ХКХ ПЕЖХПЙСКЪЖХНММШЕ БШРЪФМШЕ ЙНКОЮЙХ ХКХ ЬЙЮТШ Я БЕМРХКЪРНПНЛ, Я ТХКЭРПЮЛХ ХКХ АЕГ ТХКЭРПНБ:";МЮЯНЯШ ;;2,31;0,6;100,0;5,5;75;7,5;4,5;2,0;6,5;400;200***;;1,2
8421;" БЙКЧВЮЪ ЖЕМРПНАЕФМШЕ ЯСЬХКЙХ; НАНПСДНБЮМХЕ Х СЯРПНИЯРБЮ ДКЪ ТХКЭРПНБЮМХЪ ХКХ НВХЯРЙХ ФХДЙНЯРЕИ ХКХ ЦЮГНБ:C191";ТХКЭРПШ, ТХКЭРП ЛЮЯКЪМШИ, ТХКЭРПЮ БНГДСЬМШИ , ЯЕОЮПЮРНПШ ЛНКНВМХШЕ, ЯСЬХКЙХ ДКЪ АЕКЭЪ,;;3,75;1,0;100,0;5,5;75;7,5;4,5;2,0;6,5;400;200***;;1,2
8441;нАНПСДНБЮМХЕ ДКЪ ОПНХГБНДЯРБЮ ХГДЕКХИ ХГ АСЛЮФМНИ ЛЮЯЯШ, АСЛЮЦХ ХКХ ЙЮПРНМЮ, БЙКЧВЮЪ ПЕГЮРЕКЭМШЕ ЛЮЬХМШ БЯЕУ РХОНБ, ОПНВЕЕ:;нАНПСДНБЮМХЕ ДКЪ ПЕГЙХ ЩРХЙЕРНЙ, ПЕГЙХ АСЛЮЦХ  Х.Д;;2,5;0,7;100,0;5,5;75;7,5;4,5;2,0;6,5;400;200;;1,3
8443;"лЮЬХМШ ОЕВЮРМШЕ, ХЯОНКЭГСЕЛШЕ ДКЪ ОЕВЮРХ ОНЯПЕДЯРБНЛ ОКЮЯРХМ, ЖХКХМДПНБ Х ДПСЦХУ ОЕВЮРМШУ ТНПЛ РНБЮПМНИ ОНГХЖХХ 8442; ОПНВХЕ ОПХМРЕПШ, ЙНОХПНБЮКЭМШЕ ЮООЮПЮРШ Х ТЮЙЯХЛХКЭМШЕ ЮООЮПЮРШ, НАЗЕДХМЕММШЕ ХКХ МЕНАЗЕДХМЕММШЕ; ХУ ВЮЯРХ Х ОПХМЮДКЕФМНЯРХ";ОЕВЮРМНЕ НАНПСДНБЮМХЕ , ОПХМРЕПШ, ЙНОХПНБЮКЭМШЕ ЛЮЬХМШ Х ЙЮПРХПХДФХ Й МХЛ;нл;2,5;0,7;100,0;5,5;75;7,5;4,5;2,0;6,5;400;200;;1,3
8452;" лЮЬХМШ ЬБЕИМШЕ, ЙПНЛЕ ЛЮЬХМ ДКЪ ЯЬХБЮМХЪ ЙМХФМШУ АКНЙНБ РНБЮПМНИ ОНГХЖХХ 8440; ЛЕАЕКЭ, НЯМНБЮМХЪ Х ТСРКЪПШ, ОПЕДМЮГМЮВЕММШЕ ЯОЕЖХЮКЭМН ДКЪ ЬБЕИМШУ ЛЮЬХМ; ХЦКШ ДКЪ ЬБЕИМШУ ЛЮЬХМ:";ЬБЕИМНЕ НАНПСДНБЮМХЕ, ЦНКНБЙХ ЬБЕИМХШУ ЛЮЬХМ, ХЦКШ ДКЪ ЬБЕИМХУ ЛЮЬХМ;;3,0;0,8;100,0;5,5;75;7,5;4,5;2,0;6,5;400;200;;1,4
8456;" нАНПСДНБЮМХЕ :яРЮМЙХ ДКЪ НАПЮАНРЙХ КЧАШУ ЛЮРЕПХЮКНБ ОСРЕЛ СДЮКЕМХЪ ЛЮРЕПХЮКЮ Я ОНЛНЫЭЧ КЮГЕПМНЦН ХКХ ДПСЦНЦН ЯБЕРНБНЦН ХКХ ТНРНММНЦН КСВЮ, СКЭРПЮГБСЙНБШУ, ЩКЕЙРПНПЮГПЪДМШУ, ЩКЕЙРПНУХЛХВЕЯЙХУ, ЩКЕЙРПНММН-КСВЕБШУ, ХНММН-КСВЕБШУ ХКХ ОКЮГЛЕММН-ДСЦНБШУ ОПНЖЕЯЯНБ; БНДНЯРПСИМШЕ ПЕГЮРЕКЭМШЕ ЛЮЬХМШ:";НАНПСДНБЮМХЕ КЮГЕПМНЕ , КЮГЕПМШИ ЯРЮМЙХ, йпнле ЛЕДХЖХМЯЙНЦН;;5,5;1,5;100,0;5,5;75;10,0;4,5;4,5;9,0;400;200;;2,0
8457_8458;нАНПСДНБЮМЕХ - ЯРЮМЙХ , РНЙЮПМШЕ ЯРЮМЙХ : жЕМРПШ НАПЮАЮРШБЮЧЫХЕ, ЯРЮМЙХ ЮЦПЕЦЮРМШЕ НДМНОНГХЖХНММШЕ Х ЛМНЦНОНГХЖХНММШЕ;нАНПСДНБЮМХЕ;;2,5;0,7;100,0;5,5;75;7,5;4,5;2,0;6,5;400;200;;1,2
8477;нАНПСДНБЮМХЕ ДКЪ НАПЮАНРЙХ ПЕГХМШ ХКХ ОКЮЯРЛЮЯЯ ХКХ ДКЪ ОПНХГБНДЯРБЮ ОПНДСЙЖХХ ХГ ЩРХУ ЛЮРЕПХЮКНБ, Б ДПСЦНЛ ЛЕЯРЕ ДЮММНИ ЦПСООШ МЕ ОНХЛЕМНБЮММНЕ ХКХ МЕ БЙКЧВЕММНЕ:;нАНПСДНБЮМХЕ, ЩЙЯРПСДЕПШ, 3Д ОПХМРЕПШ;;2,5;0,7;100,0;5,5;75;9,5;4,5;4,0;8,5;400;200;;2,0
8465; яРЮМЙХ (БЙКЧВЮЪ ЛЮЬХМШ ДКЪ ЯАНПЙХ Я ОНЛНЫЭЧ ЦБНГДЕИ, ЯЙНА, ЙКЕЪ ХКХ ДПСЦХЛХ ЯОНЯНАЮЛХ) ДКЪ НАПЮАНРЙХ ДЕПЕБЮ, ОПНАЙХ, ЙНЯРХ, ЩАНМХРЮ, РБЕПДШУ ОКЮЯРЛЮЯЯ ХКХ ЮМЮКНЦХВМШУ РБЕПДШУ ЛЮРЕПХЮКНБ:;ДЕПЕБННАПНАЮРШБЮЧЫХЕ НАНПСДНБЮМХЕ, ДКЪ  НАПЮАНРЙХ ОКЮЯЛЮЯЯ;;2,5;0,7;100,0;5,5;75;7,5;4,5;2,0;6,5;400;200;;1,2
8467; хМЯРПСЛЕМРШ ПСВМШЕ ОМЕБЛЮРХВЕЯЙХЕ, ЦХДПЮБКХВЕЯЙХЕ ХКХ ЯН БЯРПНЕММШЛ ЩКЕЙРПХВЕЯЙХЛ ХКХ МЕЩКЕЙРПХВЕЯЙХЛ ДБХЦЮРЕКЕЛ:;ДПЕКХ, ЩКЕЙРПНОХКШ , ОХКШ ДХЯЙНБШЕ , ЮООЮПЮРШ РНВХКЭМШЕ Х ЬКХТНБЮКЭМШЕ.;;3,13;0,8;100,0;5,5;75;9,5;4,5;4,0;8,5;400;200***;;1,5
8471;"бШВХЯКХРЕКЭМШЕ ЛЮЬХМШ Х ХУ АКНЙХ; ЛЮЦМХРМШЕ ХКХ НОРХВЕЯЙХЕ ЯВХРШБЮЧЫХЕ СЯРПНИЯРБЮ, ЛЮЬХМШ ДКЪ ОЕПЕМНЯЮ ДЮММШУ МЮ МНЯХРЕКХ ХМТНПЛЮЖХХ Б ЙНДХПНБЮММНИ ТНПЛЕ Х ЛЮЬХМШ ДКЪ НАПЮАНРЙХ ОНДНАМНИ ХМТНПЛЮЖХХ, Б ДПСЦНЛ ЛЕЯРЕ МЕ ОНХЛЕМНБЮММШЕ ХКХ МЕ БЙКЧВЕММШЕ:";ОКЮМЬЕР *, МЮЙНОХРЕКЭ ХМТНПЛЮЖХХ, МНСРАСЙ * , ЛНМНАКНЙ , ЙНЛОЭЧРЕП, ЯХЯРЕЛМШИ АКНЙ,;;8,0;2,1; ОН ГЮОПНЯС;5,5;100; ОН ГЮОПНЯС;4,5;6,0;10,5;400;200;;3,0
84716;;ЛШЬЙХ, ЙКЮБХЮРСПШ ;;5,0;1,3;100,0;5,5;75;9,5;4,5;4,0;8,5;;;;2,5
8473; вЮЯРХ Х ОПХМЮДКЕФМНЯРХ (ЙПНЛЕ ТСРКЪПНБ, ВЕУКНБ ДКЪ РПЮМЯОНПРХПНБЙХ Х ЮМЮКНЦХВМШУ ХГДЕКХИ), ОПЕДМЮГМЮВЕММШЕ ХЯЙКЧВХРЕКЭМН ХКХ Б НЯМНБМНЛ ДКЪ ЛЮЬХМ РНБЮПМШУ ОНГХЖХИ;ОКЮРЮ ЩКЕЙРПНММЮЪ, ЯУЕЛШ ЩКЕЙРПНММШЕ ХМРЕЦПЮКЭМШЕ, ЩКЕЙРПНММШИ ЛНДСКЭ , ОКЮРШ, ОКЮРШ СОПЮБКЕМХЪ;;6,5;1,7;100,0;5,5;75;12,4;1,6;6,9;8,5;400;200;;3,0
8474;"нАНПСДНБЮМХЕ ДКЪ ЯНПРХПНБЙХ, ЦПНУНВЕМХЪ, ЯЕОЮПЮЖХХ, ОПНЛШБЙХ, ХГЛЕКЭВЕМХЪ, ПЮГЛЮКШБЮМХЪ, ЯЛЕЬХБЮМХЪ ХКХ ОЕПЕЛЕЬХБЮМХЪ ЦПСМРЮ, ЙЮЛМЪ, ПСД ХКХ ДПСЦХУ ЛХМЕПЮКЭМШУ ХЯЙНОЮЕЛШУ Б РБЕПДНЛ (Б РНЛ ВХЯКЕ ОНПНЬЙННАПЮГМНЛ ХКХ ОЮЯРННАПЮГМНЛ) ЯНЯРНЪМХХ; НАНПСДНБЮМХЕ ДКЪ ЮЦКНЛЕПЮЖХХ, ТНПЛНБЙХ ХКХ НРКХБЙХ РБЕПДНЦН ЛХМЕПЮКЭМНЦН РНОКХБЮ, ЙЕПЮЛХВЕЯЙХУ ЯНЯРЮБНБ, МЕГЮРБЕПДЕБЬЕЦН ЖЕЛЕМРЮ, ЦХОЯНБШУ ЛЮРЕПХЮКНБ ХКХ ДПСЦХУ ЛХМЕПЮКЭМШУ ОПНДСЙРНБ Б ОНПНЬЙННАПЮГМНЛ ХКХ ОЮЯРННАПЮГМНЛ ЯНЯРНЪМХХ; ЛЮЬХМШ ТНПЛНБНВМШЕ ДКЪ ХГЦНРНБКЕМХЪ КХРЕИМШУ ТНПЛ ХГ ОЕЯЙЮ:";ДПНАХКЙХ, ЙНКНРХКЙХ, ХГЛЕКЭВХРЕКЭ - нАНПСДНБЮМХЕ ЛЕУЮМХВЕЯЙНЕ, ОНКСЮБРНЛЮР ;;2,5;0,7;100,0;5,5;75;7,5;4,5;2,0;6,5;400;200;;1,3
8479;лЮЬХМШ Х ЛЕУЮМХВЕЯЙХЕ СЯРПНИЯРБЮ, ХЛЕЧЫХЕ ХМДХБХДСЮКЭМШЕ ТСМЙЖХХ, Б ДПСЦНЛ ЛЕЯРЕ ДЮММНИ ЦПСООШ МЕ ОНХЛЕМНБЮММШЕ ХКХ МЕ БЙКЧВЕММШЕ:;ЩКЕЙРПНММШЕ ЯХЦЮПЕРШ, ;нл;6,5;1,7;300,0;5,5;100;10,5;4,5;5,0;9,5;400;200;;3,0
8480;"нОНЙХ ДКЪ ЛЕРЮККНКХРЕИМНЦН ОПНХГБНДЯРБЮ; КХРЕИМШЕ ОНДДНМШ; ЛНДЕКХ КХРЕИМШЕ; ТНПЛШ ДКЪ КХРЭЪ ЛЕРЮККНБ (ЙПНЛЕ ХГКНФМХЖ), ЙЮПАХДНБ ЛЕРЮККНБ, ЯРЕЙКЮ, ЛХМЕПЮКЭМШУ ЛЮРЕПХЮКНБ, ПЕГХМШ ХКХ ОКЮЯРЛЮЯЯ:";ОПЕЯТНПЛЮ , КХРЕИМШЕ ТНПЛШ,;;1,5;0,4;100,0;5,5;75;7,5;4,5;2,0;6,5;400;200;;1,0
8481; йПЮМШ, ЙКЮОЮМШ, БЕМРХКХ Х ЮМЮКНЦХВМЮЪ ЮПЛЮРСПЮ ДКЪ РПСАНОПНБНДНБ, ЙНРКНБ, ПЕГЕПБСЮПНБ, ЖХЯРЕПМ, АЮЙНБ ХКХ ЮМЮКНЦХВМШУ ЕЛЙНЯРЕИ, БЙКЧВЮЪ ПЕДСЙЖХНММШЕ Х РЕПЛНПЕЦСКХПСЕЛШЕ ЙКЮОЮМШ:;ЮПЛЮРСПЮ;;1,8;0,5;100,0;5,5;75;7,5;4,5;2,0;6,5;400;200***;;1,0
8482; оНДЬХОМХЙХ ЬЮПХЙНБШЕ ХКХ ПНКХЙНБШЕ:;ОНДЬХАМХЙХ;;2,5;0,7;100,0;5,5;75;7,5;4,5;2,0;6,5;400;200***;;1,2
8483;" бЮКШ РПЮМЯЛХЯЯХНММШЕ (БЙКЧВЮЪ ЙСКЮВЙНБШЕ Х ЙНКЕМВЮРШЕ) Х ЙПХБНЬХОШ; ЙНПОСЯЮ ОНДЬХОМХЙНБ Х ОНДЬХОМХЙХ ЯЙНКЭФЕМХЪ ДКЪ БЮКНБ; ЬЕЯРЕПМХ Х ГСАВЮРШЕ ОЕПЕДЮВХ; ЬЮПХЙНБШЕ ХКХ ПНКХЙНБШЕ БХМРНБШЕ ОЕПЕДЮВХ; ЙНПНАЙХ ОЕПЕДЮВ Х ДПСЦХЕ БЮПХЮРНПШ ЯЙНПНЯРХ, БЙКЧВЮЪ ЦХДПНРПЮМЯТНПЛЮРНПШ; ЛЮУНБХЙХ Х ЬЙХБШ, БЙКЧВЮЪ АКНЙХ ЬЙХБНБ; ЛСТРШ Х СЯРПНИЯРБЮ ДКЪ ЯНЕДХМЕМХЪ БЮКНБ (БЙКЧВЮЪ СМХБЕПЯЮКЭМШЕ ЬЮПМХПШ):";  унднбюъ ЮБРНВЮЯРХ, ЯОЕЖРЕУМХЙЮ,ЯЕКЭУНГРЕУМХЙЮ;;2,28;0,6;100,0;5,5;75;7,5;4,5;2,0;6,5;400;200***;;1,3
8484;"оПНЙКЮДЙХ РЮ ЮМЮКНЦiВМi СЫiКЭМЧБЮВi Г КХЯРНБНЦН ЛЕРЮКС Б ОН╨ДМЮММi Г iМЬХЛ ЛЮРЕПiЮКНЛ ЮАН ЯЙКЮДЕМi Г ДБНУ ВХ АiКЭЬЕ ЬЮПiБ ЛЕРЮКС; МЮАНПХ ВХ ЙНЛОКЕЙРХ ОПНЙКЮДНЙ РЮ ЮМЮКНЦiВМХУ Г'╨ДМСБЮКЭМХУ ЕКЕЛЕМРiБ ПiГМХУ ГЮ ЯЙКЮДНЛ, СОЮЙНБЮМi Б ОЮЙЕРХ, ЙНМБЕПРХ ЮАН ЮМЮКНЦiВМС СОЮЙНБЙС; ЛЕУЮМiВМi СЫiКЭМЧБЮВi:";ОПНЙКЮДЙХ ЙПНЛЕ ЦХЦХЕМРХВЕЯЙХЕУ;;2,5;0,7;100,0;5,5;75;7,5;4,5;2,0;6,5;400;200***;;1,3
8502;ЩКЕЙРПНЦЕМЕПЮРНПМШЕ СЯРЮМНБЙХ Х БПЮЫЮЧЫХЕЯЪ ЩКЕЙРПХВЕЯЙХЕ ОПЕНАПЮГНБЮРЕКХ:;ЩКЕЙРПНЦЕМЕПЮРНПШ;;3,75;1,0;100,0;5,5;75;9,5;4,5;4,0;8,5;400;200***;;1,3
8504;рПЮМЯТНПЛЮРНПШ ЩКЕЙРПХВЕЯЙХЕ, ЯРЮРХВЕЯЙХЕ ЩКЕЙРПХВЕЯЙХЕ ОПЕНАПЮГНБЮРЕКХ (МЮОПХЛЕП, БШОПЪЛХРЕКХ), ЙЮРСЬЙХ ХМДСЙРХБМНЯРХ Х ДПНЯЯЕКХ:;аКНЙ ОХРЮМХЪ, хЯРНВМХЙХ АЕЯОЕПЕАНХМНЦН ОХРЮМХЪ, оПЕНАПЮГНБЮРЕКХ ЯРЮРХВЕЯЙХЕ, ЮДЮОРЕП, ЯРЮАХКХГЮРНП МЮОПЪФЕМХЪ, ГЮПЮДМНЕ СЯРПНХЯБН, ГЮПДЙЮ ме аюрюпех;;1,5;0,4;100,0;5,5;75;9,5;4,5;4,0;8,5;400;200;;1,5
8505;" щКЕЙРПНЛЮЦМХРШ; ОНЯРНЪММШЕ ЛЮЦМХРШ Х ХГДЕКХЪ, ОПЕДМЮГМЮВЕММШЕ ДКЪ ОПЕБПЮЫЕМХЪ Б ОНЯРНЪММШЕ ЛЮЦМХРШ ОНЯКЕ МЮЛЮЦМХВХБЮМХЪ; ЩКЕЙРПНЛЮЦМХРМШЕ ХКХ Я ОНЯРНЪММШЛХ ЛЮЦМХРЮЛХ ГЮФХЛМШЕ ОЮРПНМШ, ГЮУБЮРШ Х ЮМЮКНЦХВМШЕ ТХЙЯХПСЧЫХЕ СЯРПНИЯРБЮ; ЩКЕЙРПНЛЮЦМХРМШЕ ЯЖЕОКЕМХЪ, ЛСТРШ Х РНПЛНГЮ; ЩКЕЙРПНЛЮЦМХРМШЕ ОНДЗЕЛМШЕ ЦНКНБЙХ:";ЛЮЦМХРШ;нл;3,5;0,9;300,0;5,5;75;9,5;4,5;4,0;8,5;400;200;;1,3
8507;юЙЙСЛСКЪРНПШ ЩКЕЙРПХВЕЯЙХЕ, БЙКЧВЮЪ ЯЕОЮПЮРНПШ ДКЪ МХУ, ОПЪЛНСЦНКЭМНИ (Б РНЛ ВХЯКЕ ЙБЮДПЮРМНИ) ХКХ ХМНИ ТНПЛШ:кхрхебше ;КХРХЕБШЕ ЮЙЙСЛСКЪРНПШМЕ АЮРЮПЕИ, АЮРЮПЕЪ, аюрюпеъ POWER BANK оепегюпъфюелюъ, ;;3,5;0,9;100,0;6,5;75;10,5;4,5;4,0;8,5;400;200;;2,0
8511;"щКЕЙРПННАНПСДНБЮМХЕ ДКЪ ГЮФХЦЮМХЪ ХКХ ОСЯЙЮ ДБХЦЮРЕКЕИ БМСРПЕММЕЦН ЯЦНПЮМХЪ Я БНЯОКЮЛЕМЕМХЕЛ НР ХЯЙПШ ХКХ НР ЯФЮРХЪ ЦНПЧВЕИ ЯЛЕЯХ (МЮОПХЛЕП, ЛЮЦМЕРН, ЙЮРСЬЙХ ГЮФХЦЮМХЪ, ЯБЕВХ ГЮФХЦЮМХЪ, ЯБЕВХ МЮЙЮКХБЮМХЪ, ЯРЮПРЕПШ); ЦЕМЕПЮРНПШ (МЮОПХЛЕП, ОНЯРНЪММНЦН Х ОЕПЕЛЕММНЦН РНЙЮ) Х ОПЕПШБЮРЕКХ РХОЮ ХЯОНКЭГСЕЛШУ БЛЕЯРЕ Я РЮЙХЛХ ДБХЦЮРЕКЪЛХ";ЯРЮПРЕП, ЯБЕВХ, ЙЮРСЬЙХ. юБРНГЮОВЮЯРХ ╨КЕЙРПНМХЙЮ;;3,75;1,0;300,0;5,5;75;7,5;4,5;2,0;6,5;400;200***;;1,3
8512; нАНПСДНБЮМХЕ ЩКЕЙРПННЯБЕРХРЕКЭМНЕ ХКХ ЯХЦМЮКХГЮЖХНММНЕ (ЙПНЛЕ ХГДЕКХИ РНБЮПМНИ ОНГХЖХХ 8539), ЯРЕЙКННВХЯРХРЕКХ, ЮМРХНАКЕДЕМХРЕКХ Х ОПНРХБНГЮОНРЕБЮРЕКХ, ХЯОНКЭГСЕЛШЕ МЮ БЕКНЯХОЕДЮУ ХКХ ЛНРНПМШУ РПЮМЯОНПРМШУ ЯПЕДЯРБЮУ:;ЮБРНГЮОВЮЯРХ ,ЮЙЯЕЯЯСЮПШ , ОЮПЙРПНМХЙ, ЮБРН ЯХЦМЮКХГЮЖХЪ;;3,75;1,0;100,0;5,5;75;8,5;4,5;3,0;7,5;400;200***;;1,5
8513;тНМЮПХ ОНПРЮРХБМШЕ ЩКЕЙРПХВЕЯЙХЕ, ПЮАНРЮЧЫХЕ НР ЯНАЯРБЕММНЦН ХЯРНВМХЙЮ ЩМЕПЦХХ (МЮОПХЛЕП, АЮРЮПЕИ ЯСУХУ ЩКЕЛЕМРНБ, ЮЙЙСЛСКЪРНПНБ, ЛЮЦМЕРН), ЙПНЛЕ НЯБЕРХРЕКЭМНЦН НАНПСДНБЮМХЪ РНБЮПМНИ ОНГХЖХХ 8512:C161;ТНМЮПХЙХ , ТНМЮПХ;;3,75;1,0;100,0;5,5;75;8,5;4,5;3,0;7,5;400;200;;1,5
8516;"щКЕЙРПХВЕЯЙХЕ БНДНМЮЦПЕБЮРЕКХ ОПНРНВМШЕ ХКХ МЮЙНОХРЕКЭМШЕ (ЕЛЙНЯРМШЕ), ЩКЕЙРПНМЮЦПЕБЮРЕКХ ОНЦПСФМШЕ; ЩКЕЙРПННАНПСДНБЮМХЕ НАНЦПЕБЮ ОПНЯРПЮМЯРБЮ Х НАНЦПЕБЮ ЦПСМРЮ, ЩКЕЙРПНРЕПЛХВЕЯЙХЕ ЮООЮПЮРШ ДКЪ СУНДЮ ГЮ БНКНЯЮЛХ (МЮОПХЛЕП, ЯСЬХКЙХ ДКЪ БНКНЯ, АХЦСДХ, ЫХОЖШ ДКЪ ЦНПЪВЕИ ГЮБХБЙХ) Х ЯСЬХКЙХ ДКЪ ПСЙ; ЩКЕЙРПНСРЧЦХ; ОПНВХЕ АШРНБШЕ ЩКЕЙРПНМЮЦПЕБЮРЕКЭМШЕ ОПХАНПШ; ЩКЕЙРПХВЕЯЙХЕ МЮЦПЕБЮРЕКЭМШЕ ЯНОПНРХБКЕМХЪ, "; опедлерш ашрнбше щкейрпхвеяйхе : ТЕМ, БНЯЙНОКЮБ, СРЪФНЙ ДКЪ БНКНЯ, СРЧЦ, РНЯРЕП, ВЮИХМХ. бЕГДЕ ЦДЕ ЕЯРЭ ЩКЕЛЕМР МЮЦПЕБЮРЕКЭМШИ.;;5,0;1,3;100,0;5,5;75;9,5;4,5;4,0;8,5;400;200;;2,0
8517****;" РЕКЕТНММШЕ ЮООЮПЮРШ, БЙКЧВЮЪ РЕКЕТНММШЕ ЮООЮПЮРШ ДКЪ ЯНРНБШУ ЯЕРЕИ ЯБЪГХ ХКХ ДПСЦХУ АЕЯОПНБНДМШУ ЯЕРЕИ ЯБЪГХ:
- - - РЕКЕТНММШЕ ЮООЮПЮРШ ДКЪ ЯНРНБШУ ЯЕРЕИ ЯБЪГХ ХКХ ДПСЦХУ АЕЯОПНБНДМШУ ЯЕРЕИ ЯБЪГХ";РЕЕКТНМШ ЯНРНБШЕ, ДНОКЮРЮ ОН ЬРСЙЮЛ;;15,0;4,0;100,0;ОНД ГЮОПНЯ;75;ОНД ГЮОПНЯ;4,5;6,0;10,5;400;200;;ОНД ГЮОПНЯ
851769;ЮООЮПЮРСПЮ ДКЪ ОЕПЕДЮВХ ХКХ ОПХЕЛЮ ЦНКНЯЮ, ХГНАПЮФЕМХИ ХКХ ДПСЦХУ ДЮММШУ, БЙКЧВЮЪ ЮООЮПЮРСПС ДКЪ ЙНЛЛСМХЙЮЖХХ Б ЯЕРХ ОПНБНДМНИ ХКХ АЕЯОПНБНДМНИ ЯБЪГХ (МЮОПХЛЕП, Б КНЙЮКЭМНИ ХКХ ЦКНАЮКЭМНИ ЯЕРХ ЯБЪГХ), ОПНВЮЪ:;ДНЛНТНМШ, ПЮЖХХ, ПЮЖХХ ОЕПЕМНЯМШЕ (СЙПВЮЯРНР МЮКЪД);;5,5;1,5;100,0;6,5;75;10,5;4,5;4,0;8,5;400;200;;2,0
8518;" лХЙПНТНМШ Х ОНДЯРЮБЙХ ДКЪ МХУ; ЦПНЛЙНЦНБНПХРЕКХ, ЯЛНМРХПНБЮММШЕ ХКХ МЕ ЯЛНМРХПНБЮММШЕ Б ЙНПОСЯЮУ; МЮСЬМХЙХ Х РЕКЕТНМШ ЦНКНБМШЕ, НАЗЕДХМЕММШЕ ХКХ МЕ НАЗЕДХМЕММШЕ Я ЛХЙПНТНМНЛ, Х ЙНЛОКЕЙРШ, ЯНЯРНЪЫХЕ ХГ ЛХЙПНТНМЮ Х НДМНЦН ХКХ АНКЕЕ ЦПНЛЙНЦНБНПХРЕКЕИ; ЩКЕЙРПХВЕЯЙХЕ СЯХКХРЕКХ ГБСЙНБНИ ВЮЯРНРШ; ЩКЕЙРpХВЕЯЙХЕ ГБСЙНСЯХКХРЕКЭМШЕ ЙНЛОКЕЙРШ:";ЙНКНМЙХ , МЮСЬМХЙХЙ, ЦПНЛЙНЦНБНПХРЕКХ , ЛХЙПНТНМШ (СЙПВЮЯРНР МЮЦКЪД);;3,0;0,8;100,0;5,5;75;9,5;4,5;4,0;8,5;400;200;;2,0
8525;" юООЮПЮРСПЮ ОЕПЕДЮЧЫЮЪ ДКЪ ПЮДХНБЕЫЮМХЪ ХКХ РЕКЕБХДЕМХЪ, БЙКЧВЮЧЫЮЪ ХКХ МЕ БЙКЧВЮЧЫЮЪ Б ЯБНИ ЯНЯРЮБ ОПХЕЛМСЧ, ГБСЙНГЮОХЯШБЮЧЫСЧ ХКХ ГБСЙНБНЯОПНХГБНДЪЫСЧ ЮООЮПЮРСПС; РЕКЕБХГХНММШЕ ЙЮЛЕПШ, ЖХТПНБШЕ ЙЮЛЕПШ Х ГЮОХЯШБЮЧЫХЕ БХДЕНЙЮЛЕПШ:";БХДЕНЙЮЛЕПШ,РЕКЕБХГХНММШЕ ЙЮЛЕПШ, ЖХТПНБШЕ ЙЮЛЕПШ Х ГЮОХЯШБЮЧЫХЕ БХДЕНЙЮЛЕПШ, ЖХТПНБШЕ ТНРНЙЮЛЕПШ;нл;5,5;1,5;100,0;ОНД ГЮОПНЯ;75;ОНД ГЮОПНЯ;4,5;3,4;7,9;400;200;;2,2
8526;юООЮПЮРСПЮ ПЮДХНКНЙЮЖХНММЮЪ, ПЮДХНМЮБХЦЮЖХНММЮЪ Х ПЮДХНЮООЮПЮРСПЮ ДХЯРЮМЖХНММНЦН СОПЮБКЕМХЪ:;МНБХЦЮРНП, ПЮДХНОПХЕЛМХЙ, МНБХЦЮЖХНМММЮЪ ЮООЮПЮРСПЮ;;5,5;1,5;100,0;ОНД ГЮОПНЯ;75;ОНД ГЮОПНЯ;4,5;3,4;7,9;400;200;;2,2
8527; юООЮПЮРСПЮ ОПХЕЛМЮЪ ДКЪ ПЮДХНБЕЫЮМХЪ, ЯНБЛЕЫЕММЮЪ ХКХ МЕ ЯНБЛЕЫЕММЮЪ Б НДМНЛ ЙНПОСЯЕ ЯН ГБСЙНГЮОХЯШБЮЧЫЕИ ХКХ ГБСЙНБНЯОПНХГБНДЪЫЕИ ЮООЮПЮРСПНИ ХКХ ВЮЯЮЛХ:;ЮБРНЛЮЦМХРНКШ, ЛП 3 ОКЕЕП , ЛЮЦМХРНТНМ;нл;5,5;1,5;100,0;6,5;75;10,5;4,5;4,0;8,5;400;200;;2,5
8523;"дХЯЙХ, КЕМРШ, РБЕПДНРЕКЭМШЕ ЩМЕПЦНМЕГЮБХЯХЛШЕ СЯРПНИЯРБЮ УПЮМЕМХЪ ДЮММШУ, ""ХМРЕККЕЙРСЮКЭМШЕ ЙЮПРНВЙХ"" Х ДПСЦХЕ МНЯХРЕКХ ДКЪ ГЮОХЯХ ГБСЙЮ ХКХ ДПСЦХУ ЪБКЕМХИ, ГЮОХЯЮММШЕ ХКХ МЕГЮОХЯЮММШЕ, БЙКЧВЮЪ ЛЮРПХЖШ Х ЛЮЯРЕП-ДХЯЙХ ДКЪ ХГЦНРНБКЕМХЪ ДХЯЙНБ, ЙПНЛЕ ХГДЕКХИ ЦПСООШ 37";USB мняхрекэ (ткщьйю) , ДХЯЙХ ;;10,0;2,7;100,0;16;75;20,0;4,5;4,0;8,5;400;200;;5,0
8528;"лНМХРНПШ Х ОПНЕЙРНПШ, МЕ БЙКЧВЮЧЫХЕ Б ЯБНИ ЯНЯРЮБ ОПХЕЛМСЧ РЕКЕБХГХНММСЧ ЮООЮПЮРСПС; ЮООЮПЮРСПЮ ОПХЕЛМЮЪ ДКЪ РЕКЕБХГХНММНИ ЯБЪГХ, БЙКЧВЮЧЫЮЪ ХКХ МЕ БЙКЧВЮЧЫЮЪ Б ЯБНИ ЯНЯРЮБ ЬХПНЙНБЕЫЮРЕКЭМШИ ПЮДХНОПХЕЛМХЙ ХКХ ЮООЮПЮРСПС, ГЮОХЯШБЮЧЫСЧ ХКХ БНЯОПНХГБНДЪЫСЧ ГБСЙ ХКХ ХГНАПЮФЕМХЕ:";РЕКЕБХГНП, ЛНМХРНПШ;;6,5;1,7;100,0;5,5;75;12,4;4,5;6,9;11,4;400;200;;2,5
8531;щКЕЙРПННАНПСДНБЮМХЕ ГБСЙНБНЕ ХКХ БХГСЮКЭМНЕ ЯХЦМЮКХГЮЖХНММНЕ (МЮОПХЛЕП, ГБНМЙХ, ЯХПЕМШ, ХМДХЙЮРНПМШЕ ОЮМЕКХ, СЯРПНИЯРБЮ ЯХЦМЮКХГЮЖХНММШЕ НУПЮММШЕ ХКХ СЯРПНИЯРБЮ ДКЪ ОНДЮВХ ОНФЮПМНЦН ЯХЦМЮКЮ;НУПЮММШЕ Х ОНФЮПМХШЕ ЯХЦМЮКХГЮЖХХ, ЯХЦМЮКХГЮРНП ОНЙКЕБЙХ;;3,75;1,0;100,0;5,5;75;8,5;4,5;3,0;7,5;400;200***;;1,5
8531;щКЕЙРПННАНПСДНБЮМХЕ ГБСЙНБНЕ ХКХ БХГСЮКЭМНЕ ЯХЦМЮКХГЮЖХНММНЕ (МЮОПХЛЕП, ГБНМЙХ, ЯХПЕМШ, ХМДХЙЮРНПМШЕ ОЮМЕКХ, СЯРПНИЯРБЮ ЯХЦМЮКХГЮЖХНММШЕ НУПЮММШЕ ХКХ СЯРПНИЯРБЮ ДКЪ ОНДЮВХ ОНФЮПМНЦН ЯХЦМЮКЮ; ЮМРХЙПЮФМНЕ  НАНПСДНБЮМХЕ, АХПЙЮ  ЮМРХЙПЮФМЮЪ, МЮЙКЕИЙЮ ЮМРХЙПЮФМЮЪ , ЮМРХЙПЮФМШЕ БНПНРЮ, ЮЙСЯРНЛЮЦМХРМШЕ АХПЙХ Х ЩРХЙЕРЙХ , НУПЮММШЕ Х ОНФЮПМХШЕ ЯХЦМЮКХГЮЖХХ, ЮМРХЙПЮФМШЕ ЯХЯРЕЛШ, ;;3,75;1,0;100,0;5,5;75;9,5;4,5;4,0;8,5;400;200;;1,1
8536;" юООЮПЮРСПЮ ЩКЕЙРПХВЕЯЙЮЪ ДКЪ ЙНЛЛСРЮЖХХ ХКХ ГЮЫХРШ ЩКЕЙРПХВЕЯЙХУ ЖЕОЕИ ХКХ ДКЪ ОНДЯНЕДХМЕМХИ Й ЩКЕЙРПХВЕЯЙХЛ ЖЕОЪЛ ХКХ Б ЩКЕЙРПХВЕЯЙХУ ЖЕОЪУ (МЮОПХЛЕП, БШЙКЧВЮРЕКХ, ОЕПЕЙКЧВЮРЕКХ, ОПЕПШБЮРЕКХ, ПЕКЕ, ОКЮБЙХЕ ОПЕДНУПЮМХРЕКХ, ЦЮЯХРЕКХ ЯЙЮВЙНБ МЮОПЪФЕМХЪ, ЬРЕОЯЕКЭМШЕ БХКЙХ Х ПНГЕРЙХ, ОЮРПНМШ ДКЪ ЩКЕЙРПНКЮЛО Х ОПНВХЕ ЯНЕДХМХРЕКХ, ЯНЕДХМХРЕКЭМШЕ ЙНПНАЙХ) МЮ МЮОПЪФЕМХЕ МЕ АНКЕЕ 1000 б; ЯНЕДХМХРЕКХ ДКЪ БНКНЙНМ НОРХВЕЯЙХУ, БНКНЙНММН-НОРХВЕЯЙХУ ФЦСРНБ ХКХ ЙЮАЕКЕИ:";щкейрпнммше оепейкчвюрекх,;;3,75;1,0;100,0;6,5;75;8,5;4,5;2,0;6,5;400;200***;;1,5
8539;" кЮЛОШ МЮЙЮКХБЮМХЪ ЩКЕЙРПХВЕЯЙХЕ ХКХ ЦЮГНПЮГПЪДМШЕ, БЙКЧВЮЪ КЮЛОШ ЦЕПЛЕРХВМШЕ МЮОПЮБКЕММНЦН ЯБЕРЮ, Ю РЮЙФЕ СКЭРПЮТХНКЕРНБШЕ ХКХ ХМТПЮЙПЮЯМШЕ КЮЛОШ; ДСЦНБШЕ КЮЛОШ:";КЮЛОНВЙХ КЧЛХМХЯЖЕМРМШЕ, ЦЮГНПНГПЪДМШЕ;;5,08;1,4;100,0;6,5;75;8,5;4,5;2,0;6,5;400;200***;;1,5
8540; кЮЛОШ Х РПСАЙХ ЩКЕЙРПНММШЕ Я РЕПЛНЙЮРНДНЛ, УНКНДМШЛ ЙЮРНДНЛ ХКХ ТНРНЙЮРНДНЛ (МЮОПХЛЕП, БЮЙССЛМШЕ ХКХ ОЮПН- ХКХ ЦЮГНМЮОНКМЕММШЕ КЮЛОШ Х РПСАЙХ, ПРСРМШЕ ДСЦНБШЕ БШОПЪЛХРЕКЭМШЕ КЮЛОШ Х РПСАЙХ Х ЩКЕЙРПНММН-КСВЕБШЕ РПСАЙХ, РЕКЕБХГХНММШЕ РПСАЙХ ОЕПЕДЮЧЫХЕ):;КЮЛОНВЙХ;;5,08;1,4;100,0;6,5;75;8,5;4,5;2,0;6,5;400;200***;;1,5
8541;" дХНДШ, РПЮМГХЯРНПШ Х ЮМЮКНЦХВМШЕ ОНКСОПНБНДМХЙНБШЕ ОПХАНПШ; ТНРНВСБЯРБХРЕКЭМШЕ ОНКСОПНБНДМХЙНБШЕ ОПХАНПШ, БЙКЧВЮЪ ТНРНЦЮКЭБЮМХВЕЯЙХЕ ЩКЕЛЕМРШ, ЯНАПЮММШЕ ХКХ МЕ ЯНАПЮММШЕ Б ЛНДСКХ, БЛНМРХПНБЮММШЕ ХКХ МЕ БЛНМРХПНБЮММШЕ Б ОЮМЕКХ; ЯБЕРНХГКСВЮЧЫХЕ ДХНДШ; ОЭЕГНЩКЕЙРПХВЕЯЙХЕ ЙПХЯРЮККШ Б ЯАНПЕ:";КЕД КЕМРЙЮ ЦХАЙЮЪ, ЯБЕРНДХНДМШЕ ОЮМЕКХ, КЕД ОЮМЕКХ , ЮБРНЛНАХКЭМШЕ КЕД КЮЛОШ.;;2,0;0,5;100,0;5,5;75;7,5;4,5;2,0;6,5;400;200;;1,5
8544;" оПНБНДЮ ХГНКХПНБЮММШЕ (БЙКЧВЮЪ ЩЛЮКХПНБЮММШЕ ХКХ ЮМНДХПНБЮММШЕ), ЙЮАЕКХ (БЙКЧВЮЪ ЙНЮЙЯХЮКЭМШЕ ЙЮАЕКХ) Х ДПСЦХЕ ХГНКХПНБЮММШЕ ЩКЕЙРПХВЕЯЙХЕ ОПНБНДМХЙХ Я ЯНЕДХМХРЕКЭМШЛХ ОПХЯОНЯНАКЕМХЪЛХ ХКХ АЕГ МХУ; ЙЮАЕКХ БНКНЙНММН-НОРХВЕЯЙХЕ, ЯНЯРЮБКЕММШЕ ХГ БНКНЙНМ Я ХМДХБХДСЮКЭМШЛХ НАНКНВЙЮЛХ, МЕГЮБХЯХЛН НР РНЦН, МЮУНДЪРЯЪ НМХ ХКХ МЕР Б ЯАНПЕ Я ЩКЕЙРПНОПНБНДМХЙЮЛХ ХКХ ЯНЕДХМХРЕКЭМШЛХ ОПХЯОНЯНАКЕМХЪЛХ:";ЙЮАЕКЭ, ОПНБНД , ЙПНЛЕ НОРХВЕЯЙНЦН;;1,4;0,4;100,0;5,5;75;7,5;4,5;2,0;6,5;400;200***;;1,0
8708;" яПЕДЯРБЮ МЮГЕЛМНЦН РПЮМЯОНПРЮ, ЙПНЛЕ ФЕКЕГМНДНПНФМНЦН ХКХ РПЮЛБЮИМНЦН ОНДБХФМНЦН ЯНЯРЮБЮ, Х ХУ ВЮЯРХ Х ОПХМЮДКЕФМНЯРХ
- вЮЯРХ Х ОПХМЮДКЕФМНЯРХ ЛНРНПМШУ РПЮМЯОНПРМШУ ЯПЕДЯРБ РНБЮПМШУ ОНГХЖХИ 8701 - 8705:";ЮБРНГЮОВЮЯРХ  : РНПЛНГЮ, ЯХЯРЕЛШ УНДНБНИ, ЯХЯРЕЛШ ОНДБЕЯЙХ,ЦКСЬХРЕКХ Х БШУКНОМШЕ РПСАШ, ВЮЯРХ ЙСГНБЮ, ПЮДХЮРНПШ, ЙНПНАЙХ ОЕПЕДЮВ, ЯЖЕОКЕМХЪ;;3,75;1,0;100,0;5,5;75;7,5;4,5;2,0;6,5;400;200***;;1,3
8711;цХПНЯЙСРЕП Х ОПНВХЕ ЛНРНЖХЙКШ ЯН БЯРПНЕММШЛ ДБХЦЮРЕКЕЛ;ЛНРНРЕУМХЙЮ ;;;;100,0;5,5;75;10,5;4,5;5,0;9,5;400;200;;2,0
8714;вЮЯРХ Х ОПХМЮДКЕФМНЯРХ Й РПЮМЯОНПРМШЛ ЯПЕДЯРБЮЛ РНБЮПМШУ ОНГХЖХИ 8711 - 8713:;ПЮЛШ, БХКЙХ, НАНДЭЪ, ЯОХЖШ ;;1,88;0,5;100,0;5,5;75;7,5;4,5;2,0;6,5;400;200***;;1,1
9001;"бНКНЙМЮ НОРХВЕЯЙХЕ Х ФЦСРШ БНКНЙНММН-НОРХВЕЯЙХЕ; ЙЮАЕКХ БНКНЙНММН-НОРХВЕЯЙХЕ, ЙПНЛЕ СЙЮГЮММШУ Б РНБЮПМНИ ОНГХЖХХ 8544; КХЯРШ Х ОКЮЯРХМШ ХГ ОНКЪПХГЮЖХНММНЦН ЛЮРЕПХЮКЮ; КХМГШ (БЙКЧВЮЪ ЙНМРЮЙРМШЕ), ОПХГЛШ, ГЕПЙЮКЮ Х ОПНВХЕ НОРХВЕЯЙХЕ ЩКЕЛЕМРШ, ХГ КЧАНЦН ЛЮРЕПХЮКЮ, МЕНОПЮБКЕММШЕ, ЙПНЛЕ РЮЙХУ ЩКЕЛЕМРНБ ХГ НОРХВЕЯЙХ МЕ НАПЮАНРЮММНЦН ЯРЕЙКЮ:";КХМГШ, КСОШ, СБЕКХВХРЕКЭМНЕ ЯРЕЙКН, ЯРЕЙКЮ ДКЪ НВЙНБ,  БНКНЙМЮ НОРХВЕЯЙХЕ, ФЦСРШ Х ЙЮАЕКХ БНКНЙНММН-норхвеяйхи!!!;;4,0;1,1;100,0;6,5;75;8,5;4,5;2,0;6,5;400;200;;1,5
9014;"
- йНЛОЮЯШ ДКЪ НОПЕДЕКЕМХЪ МЮОПЮБКЕМХЪ; МЮБХЦЮЖХНММШЕ ОПХАНПШ Х ХМЯРПСЛЕМРШ ОПНВХЕ:";ЩУНКНРШ ;;5,5;1,5;100,0;5,5;75;10,5;3,5;5,0;8,5;400;200;;2,5
9015;"оПХАНПШ Х ХМЯРПСЛЕМРШ ЦЕНДЕГХВЕЯЙХЕ ХКХ РНОНЦПЮТХВЕЯЙХЕ (БЙКЧВЮЪ ТНРНЦПЮЛЛЕРПХВЕЯЙХЕ), ЦХДПНЦПЮТХВЕЯЙХЕ, НЙЕЮМНЦПЮТХВЕЯЙХЕ, ЦХДПНКНЦХВЕЯЙХЕ, ЛЕРЕНПНКНЦХВЕЯЙХЕ ХКХ ЦЕНТХГХВЕЯЙХЕ, ЙПНЛЕ ЙНЛОЮЯНБ; ДЮКЭМНЛЕПШ:";МХБЕКХПШ, ДЮКЭМНЛЕПШ;;5,5;1,5;100,0;5,5;75;10,5;3,5;5,0;8,5;400;200;;2,5
9018;оПХАНПШ Х СЯРПНИЯРБЮ, ОПХЛЕМЪЕЛШЕ Б ЛЕДХЖХМЕ, УХПСПЦХХ, ЯРНЛЮРНКНЦХХ ХКХ БЕРЕПХМЮПХХ, БЙКЧВЮЪ ЯЖХМРХЦПЮТХВЕЯЙСЧ ЮООЮПЮРСПС, ЮООЮПЮРСПЮ ЩКЕЙРПНЛЕДХЖХМЯЙЮЪ ОПНВЮЪ Х ОПХАНПШ ДКЪ ХЯЯКЕДНБЮМХЪ ГПЕМХЪ;СГХ ЮООЮПЮРШ,  ЬОПХЖШ, ХЦКШ, ЙЮРЕРЕПШ, ЙЮМЧКХ Х ЮМЮКНЦХВМШЕ ХМЯРПСЛЕМРШ, лнг;;5,5;1,5;100,0;5,5;75;10,5;3,5;5,0;8,5;400;200;;2,5
9102; вЮЯШ МЮПСВМШЕ, ЙЮПЛЮММШЕ Х ОПНВХЕ, ОПЕДМЮГМЮВЕММШЕ ДКЪ МНЬЕМХЪ МЮ ЯЕАЕ ХКХ Я ЯНАНИ, БЙКЧВЮЪ ЯЕЙСМДНЛЕПШ, ЙПНЛЕ ВЮЯНБ Х ЯЕЙСМДНЛЕПНБ РНБЮПМНИ ОНГХЖХХ ;ВЮЯШ МЮПСВМШЕ- ЛЕУЮМХЙЮ, ЩКЕЙРПНММШЕ мЕ аПЕМД!;;5,5;1,5;100,0;5,5;75;10,5;3,5;5,0;8,5;400;200;;3,0
9105;вЮЯШ, МЕ ОПЕДМЮГМЮВЕММШЕ ДКЪ МНЬЕМХЪ МЮ ЯЕАЕ ХКХ Я ЯНАНИ, ОПНВХЕ;МЮЯРЕММШЕ, АСДХКЭМХЙХ, Я ЙСЙСЬЙНИ. ;;2,0;0,5;100,0;5,5;75;7,5;4,5;2,0;6,5;400;200;;1,2
9208;ьйюрскйх лсгшйюкэмше;;;3,5;0,9;100,0;5,5;75;7,5;4,5;2,0;6,5;400;200***;;1,5
9401;лЕАЕКЭ ДКЪ ЯХДЕМХЪ (ЙПНЛЕ СЙЮГЮММНИ Б РНБЮПМНИ ОНГХЖХХ 9402), РПЮМЯТНПЛХПСЕЛЮЪ ХКХ МЕ РПЮМЯТНПЛХПСЕЛЮЪ Б ЙПНБЮРХ, Х ЕЕ ВЮЯРХ:;ЯРСКЭЪ;;2,5;0,7;100,0;5,5;75;7,5;4,5;2,0;6,5;400;200***;;1,5
9402;" лЕАЕКЭ ЛЕДХЖХМЯЙЮЪ, УХПСПЦХВЕЯЙЮЪ, ЯРНЛЮРНКНЦХВЕЯЙЮЪ ХКХ БЕРЕПХМЮПМЮЪ (МЮОПХЛЕП, НОЕПЮЖХНММШЕ ЯРНКШ, ЯРНКШ ДКЪ НЯЛНРПЮ, АНКЭМХВМШЕ ЙНИЙХ Я ЛЕУЮМХВЕЯЙХЛХ ОПХЯОНЯНАКЕМХЪЛХ, ЯРНЛЮРНКНЦХВЕЯЙХЕ ЙПЕЯКЮ); ОЮПХЙЛЮУЕПЯЙХЕ ЙПЕЯКЮ Х ЮМЮКНЦХВМШЕ ЙПЕЯКЮ Я ОПХЯОНЯНАКЕМХЪЛХ ДКЪ БПЮЫЕМХЪ Х НДМНБПЕЛЕММН ДКЪ МЮЙКНМЮ Х ОНДЗЕЛЮ; ВЮЯРХ БШЬЕСОНЛЪМСРШУ ХГДЕКХИ:";;;2,5;0,7;100,0;5,5;75;7,5;4,5;2,0;6,5;400;200***;;1,5
9403; лЕАЕКЭ ОПНВЮЪ Х ЕЕ ВЮЯРХ: ЙНПОСЯМЮЪ, ЙПНБЮРХ , ЛЕРЮКХВЕЯЙЮЪ, НТХЯМЮЪ, ЙСУНММЮЪ ЛЕАЕКЭ, Х ЕЕ ВЮЯРХ ) ;ЛЕАЕКЭ;;2,5;0,7;100,0;5,5;75;7,5;4,5;2,0;6,5;400;200***;;1,5
9405;" кЮЛОШ Х НЯБЕРХРЕКЭМНЕ НАНПСДНБЮМХЕ, БЙКЧВЮЪ ОПНФЕЙРНПШ, КЮЛОШ СГЙНМЮОПЮБКЕММНЦН ЯБЕРЮ, ТЮПШ Х ХУ ВЮЯРХ, Б ДПСЦНЛ ЛЕЯРЕ МЕ ОНХЛЕМНБЮММШЕ ХКХ МЕ БЙКЧВЕММШЕ; ЯБЕРНБШЕ БШБЕЯЙХ, ЯБЕРНБШЕ РЮАКХВЙХ Я ХЛЕМЕЛ ХКХ МЮГБЮМХЕЛ, ХКХ ЮДПЕЯНЛ Х ЮМЮКНЦХВМШЕ ХГДЕКХЪ, ХЛЕЧЫХЕ БЯРПНЕММШИ ХЯРНВМХЙ ЯБЕРЮ, Х ХУ ВЮЯРХ, Б ДПСЦНЛ ЛЕЯРЕ МЕ ОНХЛЕМНБЮММШЕ ХКХ МЕ БЙКЧВЕММШЕ:";КЧЯРПШ, ЯБЕРХКЭМХЙХ , ЦЕПКЪМДЮ  МНБНЦНДМЪЪ, АПЮ, СКХВМШЕ ТНМЮПХ;;2,97;0,8;100,0;5,5;75;7,5;4,5;2,0;6,5;400;200***;;1,5
9503;"хЦПСЬЙХ, ХЦПШ Х ЯОНПРХБМШИ ХМБЕМРЮПЭ; ХУ ВЮЯРХ Х ОПХМЮДКЕФМНЯРХ
- рПЕУЙНКЕЯМШЕ БЕКНЯХОЕДШ, ЯЮЛНЙЮРШ, ОЕДЮКЭМШЕ ЮБРНЛНАХКХ Х ЮМЮКНЦХВМШЕ ХЦПСЬЙХ МЮ ЙНКЕЯЮУ; ЙНКЪЯЙХ ДКЪ ЙСЙНК; ЙСЙКШ; ОПНВХЕ ХЦПСЬЙХ; ЛНДЕКХ Б СЛЕМЭЬЕММНЛ ПЮГЛЕПЕ (""Б ЛЮЯЬРЮАЕ"") Х ЮМЮКНЦХВМШЕ ЛНДЕКХ ДКЪ ПЮГБКЕВЕМХИ, ДЕИЯРБСЧЫХЕ ХКХ МЕДЕИЯРБСЧЫХЕ; ЦНКНБНКНЛЙХ БЯЕУ БХДНБ:";ХПСЬЙХ ПЮДХНСОПЮКБЪЕЛШЕ, Я АЮРЮПЕИЙЮЛХ;нл;5;1,3;100,0;5,5;75;9,5;4,5;4,0;6,5;400;200***;;1,5
9503;;хЦПСЬЙХ АЕГ АЮРЮПЕЕЙ, АЕГ ПЮДХНСОПЮБКЕМХЪ, МЮЯРНКЭМШЕ ХЦПШ;;5;1,3;100,0;5,5;75;7,5;4,5;2,0;6,5;400;200;;1,2
95042; йНМЯНКХ Х НАНПСДНБЮМХЕ ДКЪ БХДЕНХЦП, РНБЮПШ ДКЪ ПЮГБКЕВЕМХИ, БЙКЧВЮЪ ЯРНКШ ДКЪ ХЦПШ Б ОХМАНК, АХКЭЪПД, ЯОЕЖХЮКЭМШЕ ЯРНКШ ДКЪ ХЦП Б ЙЮГХМН Х ЮБРНЛЮРХВЕЯЙНЕ НАНПСДНБЮМХЕ ДКЪ АНСКХМЦЮ ХЦПШ Я ЩЙПЮМНЛ Х ХУ ВЮЯРХ ;МЮЯРНКЭМШЕ ХЦПШ Х ХЦПШ Я ЩЙПЮМНЛ;;5;1,3;100,0;5,5;75;9,5;4,5;4,0;8,5;400;200***;;1,5
9505;хГДЕКХЪ ДКЪ ОПЮГДМХЙНБ, ЙЮПМЮБЮКНБ ХКХ ОПНВХЕ ХГДЕКХЪ ДКЪ СБЕЯЕКЕМХЪ, БЙКЧВЮЪ ОПЕДЛЕРШ ДКЪ ОНЙЮГЮ ТНЙСЯНБ Х ЬСРНЙ:;МНБНЦНДМХЕ СЙПЮЬЕМХЪ, ЙЮПМЮБЮКЭМШЕ ЙНЯРЧЛШ МЕ РЙЮМЕБШЕ, УКНОСЬЙХ, ЙНКОЮЙХ;;5;1,3;100,0;5,5;75;7,5;4,5;2,0;6,5;400;200***;;1,5
9506;" хМБЕМРЮПЭ Х НАНПСДНБЮМХЕ ДКЪ ГЮМЪРХИ НАЫЕИ ТХГЙСКЭРСПНИ, ЦХЛМЮЯРХЙНИ, КЕЦЙНИ ЮРКЕРХЙНИ, ОПНВХЛХ БХДЮЛХ ЯОНПРЮ (БЙКЧВЮЪ МЮЯРНКЭМШИ РЕММХЯ) ХКХ ДКЪ ХЦП МЮ НРЙПШРНЛ БНГДСУЕ, Б ДПСЦНЛ ЛЕЯРЕ ДЮММНИ ЦПСООШ МЕ ОНХЛЕМНБЮММШЕ ХКХ МЕ БЙКЧВЕММШЕ; АЮЯЯЕИМШ ОКЮБЮРЕКЭМШЕ Х АЮЯЯЕИМШ ДКЪ ДЕРЕИ:";КШФХ, ПЮЙЕРЙХ, ЯЙЮЙЮКЙХ, ЛЪВХ ДКЪ РЕМХЯЮ, ЯМНСАНПДШ, ЯЙЮЙЮКЙХ Х .Р.Д РПЕМЮФЕПШ;;3,75;1,0;100,0;5,5;75;7,5;4,5;2,0;6,5;400;200***;;1,2
9507;"сДНВЙХ ПШАНКНБМШЕ, ЙПЧВЙХ ПШАНКНБМШЕ Х ОПНВХЕ ЯМЮЯРХ ДКЪ ПШАМНИ КНБКХ Я ХЯОНКЭГНБЮМХЕЛ КЕЯШ; ЯЮВЙХ ДКЪ ПША, ЯЮВЙХ ДКЪ АЮАНВЕЙ Х ЮМЮКНЦХВМШЕ ЯЮВЙХ; ОПХЛЮМЙХ Б БХДЕ ЛСКЪФЕИ ОРХЖ (ЙПНЛЕ СЙЮГЮММШУ Б РНБЮПМНИ ОНГХЖХХ 9208 ХКХ 9705) Х ЮМЮКНЦХВМШЕ ОПХМЮДКЕФМНЯРХ ДКЪ НУНРШ ХКХ ЯРПЕКЭАШ:C258";СДНВЙХ , ЙПЧВЙХ ,ЙЮРСЬЙХ ;нл;2,81;0,7;100,0;5,5;75;7,5;4,5;2,0;6,5;400;200;;1,4
9508;" йЮПСЯЕКХ, ЙЮВЕКХ, РХПШ Х ОПНВХЕ ЮРРПЮЙЖХНМШ; ЖХПЙХ ОЕПЕДБХФМШЕ Х ГБЕПХМЖШ ОЕПЕДБХФМШЕ; РЕЮРПШ ОЕПЕДБХФМШЕ:";ЙЮПСЯЕКХ Х ЮРРПЮЙЖХНМШ, ЙЮВЮКЙХ;;1,5;0,4;100,0;5,5;75;7,5;4,5;2,0;6,5;400;200;;1,0
9603;" лЕРКШ, ЫЕРЙХ (БЙКЧВЮЪ ЫЕРЙХ, ЪБКЪЧЫХЕЯЪ ВЮЯРЪЛХ ЛЕУЮМХГЛНБ, ОПХАНПНБ ХКХ РПЮМЯОНПРМШУ ЯПЕДЯРБ), ЫЕРЙХ ПСВМШЕ ЛЕУЮМХВЕЯЙХЕ АЕГ ДБХЦЮРЕКЕИ ДКЪ САНПЙХ ОНКНБ, ЬБЮАПШ Х ЛЕРЕКЙХ ХГ ОЕПЭЕБ ДКЪ ЯЛЮУХБЮМХЪ ОШКХ; СГКШ Х ОСВЙХ, ОНДЦНРНБКЕММШЕ ДКЪ ХГЦНРНБКЕМХЪ ЛЕРЕК ХКХ ЫЕРНВМШУ ХГДЕКХИ; ОНДСЬЕВЙХ Х БЮКХЙХ ЛЮКЪПМШЕ ДКЪ ЙПЮЯЙХ; ПЕГХМНБШЕ ЬБЮАПШ (ЙПНЛЕ ПЕГХМНБШУ БЮКХЙНБ ДКЪ СДЮКЕМХЪ БКЮЦХ):";ЙХЯРХ ДКЪ ЙПЮЯНЙ, ЛЕРКЮ;;1,2;0,3;100,0;5,5;75;7,5;4,5;2,0;6,5;400;200;;1,1
9606;" пЮГМШЕ ЦНРНБШЕ ХГДЕКХЪ
- оСЦНБХЖШ, ЙМНОЙХ, ГЮЯРЕФЙХ-ГЮЫЕКЙХ, ТНПЛШ ДКЪ ОСЦНБХЖ Х ОПНВХЕ ВЮЯРХ ЩРХУ ХГДЕКХИ; ГЮЦНРНБЙХ ДКЪ ОСЦНБХЖ:"; цюкюмрепеимше хгдекхъ - осцнбхжш окюярлюяянбше;;2,81;0,7;100,0;5,5;75;7,5;4,5;2,0;6,5;400;200;;1,2
9607; гЮЯРЕФЙХ-ЛНКМХХ Х ХУ ВЮЯРХ:ЯНАЮВЙХ , АНКВЙХ.;ГЮЯРЕФЙХ- ЛНКМХХ ХГ ОКЮЯРЛЮЯЯ, ЛЕРЮККЮ;;2,81;0,7;100,0;5,5;75;7,5;4,5;2,0;6,5;400;200;;1,2
9005;"аХМНЙКХ, ЛНМНЙСКЪПШ, ОПНВХЕ ГПХРЕКЭМШЕ РПСАШ Х ХУ ЮПЛЮРСПЮ; ОПНВХЕ ЮЯРПНМНЛХВЕЯЙХЕ ОПХАНПШ Х ХУ ЮПЛЮРСПЮ Х ХУ ВЮЯРХ , ЙПНЛЕ ПЮДХНЮЯРПНМНЛХВЕЯЙХУ ОПХАНПНБ:";АХМНЙКХ, ЛНМНЙСКЪПШ, АХМНЙСКЪПШ;нл;3,5;0,9;100,0;5,5;75;7,5;4,5;2,0;6,5;400;200;;2,0
9011;"хМЯРПСЛЕМРШ Х ЮООЮПЮРШ НОРХВЕЯЙХЕ, ТНРНЦПЮТХВЕЯЙХЕ, ЙХМЕЛЮРНЦПЮТХВЕЯЙХЕ, ХГЛЕПХРЕКЭМШЕ, ЙНМРПНКЭМШЕ, ОПЕЖХГХНММШЕ, ЛЕДХЖХМЯЙХЕ ХКХ УХПСПЦХВЕЯЙХЕ; ХУ ВЮЯРХ Х ОПХМЮДКЕФМНЯРХ
- лХЙПНЯЙНОШ НОРХВЕЯЙХЕ ЯКНФМШЕ, БЙКЧВЮЪ ЛХЙПНЯЙНОШ ДКЪ ЛХЙПНТНРНЯЗЕЛЙХ, ЛХЙПНЙХМНЯЗЕЛЙХ ХКХ ЛХЙПНОПНЕЖХПНБЮМХЪ:";ЛХЙПНЯЙНОШ;;6,0;1,6;100,0;5,5;75;9,5;4,5;4,0;8,5;400;200;;3,0
9612;"кЕМРШ ДКЪ ОХЬСЫХУ ЛЮЬХМНЙ ХКХ ЮМЮКНЦХВМШЕ КЕМРШ, ОПНОХРЮММШЕ ВЕПМХКЮЛХ ХКХ НАПЮАНРЮММШЕ ХМШЛ ЯОНЯНАНЛ, ОПЕДМЮГМЮВЕММШЕ ДКЪ ОНКСВЕМХЪ НРОЕВЮРЙНБ, Б ЙЮРСЬЙЮУ, ЙЮЯЯЕРЮУ ХКХ АЕГ МХУ; ОНДСЬЙХ ЬРЕЛОЕКЭМШЕ, ОПНОХРЮММШЕ ХКХ МЕ ОПНОХРЮММШЕ ВЕПМХКЮЛХ, Б ЙНПНАЙЮУ ХКХ АЕГ ЙНПНАНЙ:";ПХААНМ , КЕМРШ ДКЪ ОПХМРЕПЮ Х ЛЮЬХМ;;2,0;0,5;100,0;5,5;75;7,5;4,5;2,0;6,5;400;200;;1,1
9615;"пЮЯВЕЯЙХ, ЦПЕАМХ ДКЪ БНКНЯ Х ЮМЮКНЦХВМШЕ ОПЕДЛЕРШ; ЬОХКЭЙХ ДКЪ БНКНЯ, ГЮФХЛШ ДКЪ ГЮБХБЙХ, АХЦСДХ Х ЮМЮКНЦХВМШЕ ОПЕДЛЕРШ, ЙПНЛЕ СЙЮГЮММШУ Б РНБЮПМНИ ОНГХЖХХ 8516, Х ХУ ВЮЯРХ:B274";ПЮЯВЕЯЙХ,ГЮЙНКЙХ;;1,5;0,4;100,0;5,5;75;7,5;4,5;2,0;6,5;400;200***;;1,5
